/home/sk3686/hazan/stu-dreamer-jax/.venv/lib/python3.13/site-packages/optax/_src/linear_algebra.py:44: DeprecationWarning: optax.global_norm is deprecated in favor of optax.tree.norm
  warnings.warn(
/home/sk3686/hazan/stu-dreamer-jax/.venv/lib/python3.13/site-packages/optax/_src/linear_algebra.py:44: DeprecationWarning: optax.global_norm is deprecated in favor of optax.tree.norm
  warnings.warn(
2026-04-14 20:03:40.295554: E external/xla/xla/python/profiler/internal/python_hooks.cc:412] Can't import tensorflow.python.profiler.trace
2026-04-14 20:03:41.773637: E external/xla/xla/python/profiler/internal/python_hooks.cc:412] Can't import tensorflow.python.profiler.trace
---  ___                           __   ______ ---
--- |   \ _ _ ___ __ _ _ __  ___ _ \ \ / /__ / ---
--- | |) | '_/ -_) _` | '  \/ -_) '/\ V / |_ \ ---
--- |___/|_| \___\__,_|_|_|_\___|_|  \_/ |___/ ---
Replica: 0 / 1
Logdir: /home/sk3686/logdir/dreamer/loginnode_walker_walk_stuplus_20260414_200239_della-yasaman
Run script: train
Observations
  reward           Space(float32, shape=(), low=-inf, high=inf)
  is_first         Space(bool, shape=(), low=False, high=True)
  is_last          Space(bool, shape=(), low=False, high=True)
  is_terminal      Space(bool, shape=(), low=False, high=True)
  orientations     Space(float32, shape=(14,), low=-inf, high=inf)
  height           Space(float32, shape=(), low=-inf, high=inf)
  velocity         Space(float32, shape=(9,), low=-inf, high=inf)
Actions
  action           Space(float32, shape=(6,), low=-1.0, high=1.0)
Extras
  consec           Space(int32, shape=(), low=-2147483648, high=2147483647)
  stepid           Space(uint8, shape=(20,), low=0, high=255)
  dyn/deter        Space(float32, shape=(512,), low=-inf, high=inf)
  dyn/stoch        Space(float32, shape=(32, 4), low=-inf, high=inf)
JAX devices (1): [cuda:0]
Policy devices: cuda:0
Train devices:  cuda:0
Initializing parameters...
Optimizer opt has 715,619 params:
       439,168 dyn
        66,111 val
        57,663 rew
        51,096 dec
        50,316 pol
        41,153 con
        10,112 enc
Done initializing!
Compiling 1 checkpoint groups...
Largest checkpoint group: 0 GB
Compiling train and report...
Train cost analysis:
No available
Report cost analysis:
No available
Done compiling!
Did not find any checkpoint.
Saving checkpoint: /home/sk3686/logdir/dreamer/loginnode_walker_walk_stuplus_20260414_200239_della-yasaman/ckpt/20260414T200325F349910
Saved checkpoint.
Start training loop
Start JAX profiler: /home/sk3686/logdir/dreamer/loginnode_walker_walk_stuplus_20260414_200239_della-yasaman
Stop JAX profiler

--------------------[Agent Step 3_840]--------------------
Metrics filtered by: 'score|length|fps|ratio|train/loss/|train/rand/'
train/loss/con 0.1 / train/loss/dyn 5.42 / train/loss/height 0.07 / train/loss/orientations 3.04 / train/loss/policy 0.78 / train/loss/rep 5.42 / train/loss/repval 7.04 / train/loss/rew 2.9 / train/loss/value 3.97 / train/loss/velocity 12.03 / replay/replay_ratio 662.56 / fps/policy 30.57 / fps/train 1.5e4

Writing metrics: /home/sk3686/logdir/dreamer/loginnode_walker_walk_stuplus_20260414_200239_della-yasaman/metrics.jsonl
Writing metrics: /home/sk3686/logdir/dreamer/loginnode_walker_walk_stuplus_20260414_200239_della-yasaman/scores.jsonl

--------------------[Agent Step 5_776]--------------------
Metrics filtered by: 'score|length|fps|ratio|train/loss/|train/rand/'
train/loss/con 0.02 / train/loss/dyn 6.63 / train/loss/height 0.01 / train/loss/orientations 0.91 / train/loss/policy 1.54 / train/loss/rep 6.63 / train/loss/repval 3.63 / train/loss/rew 0.56 / train/loss/value 1.85 / train/loss/velocity 2.78 / replay/replay_ratio 1040 / fps/policy 16.01 / fps/train 1.6e4

Writing metrics: /home/sk3686/logdir/dreamer/loginnode_walker_walk_stuplus_20260414_200239_della-yasaman/scores.jsonl
Writing metrics: /home/sk3686/logdir/dreamer/loginnode_walker_walk_stuplus_20260414_200239_della-yasaman/metrics.jsonl

--------------------[Agent Step 7_696]--------------------
Metrics filtered by: 'score|length|fps|ratio|train/loss/|train/rand/'
train/loss/con 0.02 / train/loss/dyn 6.15 / train/loss/height 8.6e-3 / train/loss/orientations 0.64 / train/loss/policy 1.59 / train/loss/rep 6.15 / train/loss/repval 2.62 / train/loss/rew 0.51 / train/loss/value 1.43 / train/loss/velocity 2.07 / replay/replay_ratio 1040 / fps/policy 16 / fps/train 1.6e4

Writing metrics: /home/sk3686/logdir/dreamer/loginnode_walker_walk_stuplus_20260414_200239_della-yasaman/scores.jsonl
Writing metrics: /home/sk3686/logdir/dreamer/loginnode_walker_walk_stuplus_20260414_200239_della-yasaman/metrics.jsonl

--------------------[Agent Step 9_632]--------------------
Metrics filtered by: 'score|length|fps|ratio|train/loss/|train/rand/'
train/loss/con 0.02 / train/loss/dyn 5.88 / train/loss/height 7.4e-3 / train/loss/orientations 0.61 / train/loss/policy 1.91 / train/loss/rep 5.88 / train/loss/repval 2.04 / train/loss/rew 0.49 / train/loss/value 1.33 / train/loss/velocity 1.83 / replay/replay_ratio 1040 / fps/policy 16.02 / fps/train 1.6e4

Writing metrics: /home/sk3686/logdir/dreamer/loginnode_walker_walk_stuplus_20260414_200239_della-yasaman/metrics.jsonl
Writing metrics: /home/sk3686/logdir/dreamer/loginnode_walker_walk_stuplus_20260414_200239_della-yasaman/scores.jsonl

--------------------[Agent Step 11_568]--------------------
Metrics filtered by: 'score|length|fps|ratio|train/loss/|train/rand/'
train/loss/con 0.02 / train/loss/dyn 5.6 / train/loss/height 7e-3 / train/loss/orientations 0.58 / train/loss/policy 1.53 / train/loss/rep 5.6 / train/loss/repval 1.67 / train/loss/rew 0.5 / train/loss/value 1.23 / train/loss/velocity 1.67 / replay/replay_ratio 1040 / fps/policy 16.01 / fps/train 1.6e4

Writing metrics: /home/sk3686/logdir/dreamer/loginnode_walker_walk_stuplus_20260414_200239_della-yasaman/scores.jsonl
Writing metrics: /home/sk3686/logdir/dreamer/loginnode_walker_walk_stuplus_20260414_200239_della-yasaman/metrics.jsonl

--------------------[Agent Step 13_504]--------------------
Metrics filtered by: 'score|length|fps|ratio|train/loss/|train/rand/'
train/loss/con 0.02 / train/loss/dyn 5 / train/loss/height 6.1e-3 / train/loss/orientations 0.5 / train/loss/policy 1 / train/loss/rep 5 / train/loss/repval 1.37 / train/loss/rew 0.51 / train/loss/value 1.13 / train/loss/velocity 1.49 / replay/replay_ratio 1040 / fps/policy 16.05 / fps/train 1.6e4

Writing metrics: /home/sk3686/logdir/dreamer/loginnode_walker_walk_stuplus_20260414_200239_della-yasaman/scores.jsonl
Writing metrics: /home/sk3686/logdir/dreamer/loginnode_walker_walk_stuplus_20260414_200239_della-yasaman/metrics.jsonl

--------------------[Agent Step 15_440]--------------------
Metrics filtered by: 'score|length|fps|ratio|train/loss/|train/rand/'
train/loss/con 0.02 / train/loss/dyn 4.91 / train/loss/height 5.5e-3 / train/loss/orientations 0.47 / train/loss/policy 0.63 / train/loss/rep 4.91 / train/loss/repval 1.16 / train/loss/rew 0.51 / train/loss/value 1.05 / train/loss/velocity 1.42 / replay/replay_ratio 1040 / fps/policy 16.05 / fps/train 1.6e4

Writing metrics: /home/sk3686/logdir/dreamer/loginnode_walker_walk_stuplus_20260414_200239_della-yasaman/metrics.jsonl
Writing metrics: /home/sk3686/logdir/dreamer/loginnode_walker_walk_stuplus_20260414_200239_della-yasaman/scores.jsonl
Saving checkpoint: /home/sk3686/logdir/dreamer/loginnode_walker_walk_stuplus_20260414_200239_della-yasaman/ckpt/20260414T201829F767318
Saved checkpoint.

--------------------[Agent Step 17_360]--------------------
Metrics filtered by: 'score|length|fps|ratio|train/loss/|train/rand/'
episode/score 50.68 / episode/length 1001 / train/loss/con 0.02 / train/loss/dyn 5.07 / train/loss/height 6.2e-3 / train/loss/orientations 0.49 / train/loss/policy 0.14 / train/loss/rep 5.07 / train/loss/repval 1.11 / train/loss/rew 0.53 / train/loss/value 0.97 / train/loss/velocity 1.44 / replay/replay_ratio 1040 / fps/policy 15.98 / fps/train 1.6e4

Writing metrics: /home/sk3686/logdir/dreamer/loginnode_walker_walk_stuplus_20260414_200239_della-yasaman/metrics.jsonl
Writing metrics: /home/sk3686/logdir/dreamer/loginnode_walker_walk_stuplus_20260414_200239_della-yasaman/scores.jsonl

--------------------[Agent Step 19_280]--------------------
Metrics filtered by: 'score|length|fps|ratio|train/loss/|train/rand/'
train/loss/con 0.02 / train/loss/dyn 5.22 / train/loss/height 7.2e-3 / train/loss/orientations 0.53 / train/loss/policy -0.54 / train/loss/rep 5.22 / train/loss/repval 1 / train/loss/rew 0.54 / train/loss/value 0.91 / train/loss/velocity 1.45 / replay/replay_ratio 1040 / fps/policy 15.94 / fps/train 1.6e4

Writing metrics: /home/sk3686/logdir/dreamer/loginnode_walker_walk_stuplus_20260414_200239_della-yasaman/metrics.jsonl
Writing metrics: /home/sk3686/logdir/dreamer/loginnode_walker_walk_stuplus_20260414_200239_della-yasaman/scores.jsonl

--------------------[Agent Step 21_200]--------------------
Metrics filtered by: 'score|length|fps|ratio|train/loss/|train/rand/'
train/loss/con 0.02 / train/loss/dyn 5.08 / train/loss/height 6.5e-3 / train/loss/orientations 0.48 / train/loss/policy -0.62 / train/loss/rep 5.08 / train/loss/repval 1.04 / train/loss/rew 0.53 / train/loss/value 1.02 / train/loss/velocity 1.36 / replay/replay_ratio 1040 / fps/policy 15.97 / fps/train 1.6e4

Writing metrics: /home/sk3686/logdir/dreamer/loginnode_walker_walk_stuplus_20260414_200239_della-yasaman/metrics.jsonl
Writing metrics: /home/sk3686/logdir/dreamer/loginnode_walker_walk_stuplus_20260414_200239_della-yasaman/scores.jsonl

--------------------[Agent Step 23_120]--------------------
Metrics filtered by: 'score|length|fps|ratio|train/loss/|train/rand/'
train/loss/con 0.02 / train/loss/dyn 4.91 / train/loss/height 5.7e-3 / train/loss/orientations 0.43 / train/loss/policy -0.49 / train/loss/rep 4.91 / train/loss/repval 0.93 / train/loss/rew 0.52 / train/loss/value 0.79 / train/loss/velocity 1.27 / replay/replay_ratio 1040 / fps/policy 15.97 / fps/train 1.6e4

Writing metrics: /home/sk3686/logdir/dreamer/loginnode_walker_walk_stuplus_20260414_200239_della-yasaman/metrics.jsonl
Writing metrics: /home/sk3686/logdir/dreamer/loginnode_walker_walk_stuplus_20260414_200239_della-yasaman/scores.jsonl

--------------------[Agent Step 25_040]--------------------
Metrics filtered by: 'score|length|fps|ratio|train/loss/|train/rand/'
train/loss/con 0.02 / train/loss/dyn 4.98 / train/loss/height 5.3e-3 / train/loss/orientations 0.41 / train/loss/policy -0.38 / train/loss/rep 4.98 / train/loss/repval 1.17 / train/loss/rew 0.52 / train/loss/value 1.01 / train/loss/velocity 1.25 / replay/replay_ratio 1040 / fps/policy 15.97 / fps/train 1.6e4

Writing metrics: /home/sk3686/logdir/dreamer/loginnode_walker_walk_stuplus_20260414_200239_della-yasaman/metrics.jsonl
Writing metrics: /home/sk3686/logdir/dreamer/loginnode_walker_walk_stuplus_20260414_200239_della-yasaman/scores.jsonl

--------------------[Agent Step 26_960]--------------------
Metrics filtered by: 'score|length|fps|ratio|train/loss/|train/rand/'
train/loss/con 0.02 / train/loss/dyn 5.06 / train/loss/height 5.1e-3 / train/loss/orientations 0.4 / train/loss/policy -0.34 / train/loss/rep 5.06 / train/loss/repval 0.97 / train/loss/rew 0.53 / train/loss/value 0.92 / train/loss/velocity 1.24 / replay/replay_ratio 1040 / fps/policy 15.99 / fps/train 1.6e4

Writing metrics: /home/sk3686/logdir/dreamer/loginnode_walker_walk_stuplus_20260414_200239_della-yasaman/scores.jsonl
Writing metrics: /home/sk3686/logdir/dreamer/loginnode_walker_walk_stuplus_20260414_200239_della-yasaman/metrics.jsonl

--------------------[Agent Step 28_880]--------------------
Metrics filtered by: 'score|length|fps|ratio|train/loss/|train/rand/'
train/loss/con 0.02 / train/loss/dyn 5.12 / train/loss/height 5.1e-3 / train/loss/orientations 0.39 / train/loss/policy -0.18 / train/loss/rep 5.12 / train/loss/repval 1.15 / train/loss/rew 0.54 / train/loss/value 1.01 / train/loss/velocity 1.23 / replay/replay_ratio 1040 / fps/policy 15.98 / fps/train 1.6e4

Writing metrics: /home/sk3686/logdir/dreamer/loginnode_walker_walk_stuplus_20260414_200239_della-yasaman/scores.jsonl
Writing metrics: /home/sk3686/logdir/dreamer/loginnode_walker_walk_stuplus_20260414_200239_della-yasaman/metrics.jsonl
Saving checkpoint: /home/sk3686/logdir/dreamer/loginnode_walker_walk_stuplus_20260414_200239_della-yasaman/ckpt/20260414T203330F624280
Saved checkpoint.

--------------------[Agent Step 30_800]--------------------
Metrics filtered by: 'score|length|fps|ratio|train/loss/|train/rand/'
train/loss/con 0.02 / train/loss/dyn 5.18 / train/loss/height 5e-3 / train/loss/orientations 0.37 / train/loss/policy -0.22 / train/loss/rep 5.18 / train/loss/repval 1.06 / train/loss/rew 0.55 / train/loss/value 0.69 / train/loss/velocity 1.21 / replay/replay_ratio 1040 / fps/policy 15.95 / fps/train 1.6e4

Writing metrics: /home/sk3686/logdir/dreamer/loginnode_walker_walk_stuplus_20260414_200239_della-yasaman/metrics.jsonl
Writing metrics: /home/sk3686/logdir/dreamer/loginnode_walker_walk_stuplus_20260414_200239_della-yasaman/scores.jsonl

--------------------[Agent Step 32_720]--------------------
Metrics filtered by: 'score|length|fps|ratio|train/loss/|train/rand/'
episode/score 82.85 / episode/length 1001 / train/loss/con 0.02 / train/loss/dyn 5.28 / train/loss/height 5e-3 / train/loss/orientations 0.37 / train/loss/policy -0.52 / train/loss/rep 5.28 / train/loss/repval 1.11 / train/loss/rew 0.56 / train/loss/value 0.91 / train/loss/velocity 1.21 / replay/replay_ratio 1040 / fps/policy 15.94 / fps/train 1.6e4

Writing metrics: /home/sk3686/logdir/dreamer/loginnode_walker_walk_stuplus_20260414_200239_della-yasaman/metrics.jsonl
Writing metrics: /home/sk3686/logdir/dreamer/loginnode_walker_walk_stuplus_20260414_200239_della-yasaman/scores.jsonl

--------------------[Agent Step 34_640]--------------------
Metrics filtered by: 'score|length|fps|ratio|train/loss/|train/rand/'
train/loss/con 0.02 / train/loss/dyn 5.39 / train/loss/height 5.5e-3 / train/loss/orientations 0.39 / train/loss/policy -0.31 / train/loss/rep 5.39 / train/loss/repval 1.07 / train/loss/rew 0.56 / train/loss/value 0.96 / train/loss/velocity 1.22 / replay/replay_ratio 1040 / fps/policy 15.91 / fps/train 1.6e4

Writing metrics: /home/sk3686/logdir/dreamer/loginnode_walker_walk_stuplus_20260414_200239_della-yasaman/scores.jsonl
Writing metrics: /home/sk3686/logdir/dreamer/loginnode_walker_walk_stuplus_20260414_200239_della-yasaman/metrics.jsonl

--------------------[Agent Step 36_560]--------------------
Metrics filtered by: 'score|length|fps|ratio|train/loss/|train/rand/'
train/loss/con 0.02 / train/loss/dyn 5.41 / train/loss/height 5.7e-3 / train/loss/orientations 0.38 / train/loss/policy -0.17 / train/loss/rep 5.41 / train/loss/repval 1.19 / train/loss/rew 0.57 / train/loss/value 0.93 / train/loss/velocity 1.2 / replay/replay_ratio 1040 / fps/policy 15.95 / fps/train 1.6e4

Writing metrics: /home/sk3686/logdir/dreamer/loginnode_walker_walk_stuplus_20260414_200239_della-yasaman/metrics.jsonl
Writing metrics: /home/sk3686/logdir/dreamer/loginnode_walker_walk_stuplus_20260414_200239_della-yasaman/scores.jsonl

--------------------[Agent Step 38_480]--------------------
Metrics filtered by: 'score|length|fps|ratio|train/loss/|train/rand/'
train/loss/con 0.02 / train/loss/dyn 5.44 / train/loss/height 5.5e-3 / train/loss/orientations 0.37 / train/loss/policy -0.1 / train/loss/rep 5.44 / train/loss/repval 1.15 / train/loss/rew 0.58 / train/loss/value 0.96 / train/loss/velocity 1.19 / replay/replay_ratio 1040 / fps/policy 15.98 / fps/train 1.6e4

Writing metrics: /home/sk3686/logdir/dreamer/loginnode_walker_walk_stuplus_20260414_200239_della-yasaman/metrics.jsonl
Writing metrics: /home/sk3686/logdir/dreamer/loginnode_walker_walk_stuplus_20260414_200239_della-yasaman/scores.jsonl

--------------------[Agent Step 40_416]--------------------
Metrics filtered by: 'score|length|fps|ratio|train/loss/|train/rand/'
train/loss/con 0.02 / train/loss/dyn 5.53 / train/loss/height 5.4e-3 / train/loss/orientations 0.36 / train/loss/policy -0.1 / train/loss/rep 5.53 / train/loss/repval 1.1 / train/loss/rew 0.58 / train/loss/value 0.7 / train/loss/velocity 1.19 / replay/replay_ratio 1040 / fps/policy 16.01 / fps/train 1.6e4

Writing metrics: /home/sk3686/logdir/dreamer/loginnode_walker_walk_stuplus_20260414_200239_della-yasaman/scores.jsonl
Writing metrics: /home/sk3686/logdir/dreamer/loginnode_walker_walk_stuplus_20260414_200239_della-yasaman/metrics.jsonl

--------------------[Agent Step 42_336]--------------------
Metrics filtered by: 'score|length|fps|ratio|train/loss/|train/rand/'
train/loss/con 0.02 / train/loss/dyn 5.69 / train/loss/height 5.4e-3 / train/loss/orientations 0.36 / train/loss/policy -0.18 / train/loss/rep 5.69 / train/loss/repval 1.08 / train/loss/rew 0.59 / train/loss/value 1.09 / train/loss/velocity 1.21 / replay/replay_ratio 1040 / fps/policy 15.99 / fps/train 1.6e4

Writing metrics: /home/sk3686/logdir/dreamer/loginnode_walker_walk_stuplus_20260414_200239_della-yasaman/metrics.jsonl
Writing metrics: /home/sk3686/logdir/dreamer/loginnode_walker_walk_stuplus_20260414_200239_della-yasaman/scores.jsonl

--------------------[Agent Step 44_256]--------------------
Metrics filtered by: 'score|length|fps|ratio|train/loss/|train/rand/'
train/loss/con 0.02 / train/loss/dyn 5.83 / train/loss/height 5.4e-3 / train/loss/orientations 0.37 / train/loss/policy -0.13 / train/loss/rep 5.83 / train/loss/repval 1.25 / train/loss/rew 0.6 / train/loss/value 0.9 / train/loss/velocity 1.24 / replay/replay_ratio 1040 / fps/policy 15.97 / fps/train 1.6e4

Writing metrics: /home/sk3686/logdir/dreamer/loginnode_walker_walk_stuplus_20260414_200239_della-yasaman/scores.jsonl
Writing metrics: /home/sk3686/logdir/dreamer/loginnode_walker_walk_stuplus_20260414_200239_della-yasaman/metrics.jsonl
Saving checkpoint: /home/sk3686/logdir/dreamer/loginnode_walker_walk_stuplus_20260414_200239_della-yasaman/ckpt/20260414T204830F736744
Saved checkpoint.

--------------------[Agent Step 46_176]--------------------
Metrics filtered by: 'score|length|fps|ratio|train/loss/|train/rand/'
train/loss/con 0.02 / train/loss/dyn 5.98 / train/loss/height 5.6e-3 / train/loss/orientations 0.38 / train/loss/policy -0.14 / train/loss/rep 5.98 / train/loss/repval 1.01 / train/loss/rew 0.61 / train/loss/value 0.88 / train/loss/velocity 1.26 / replay/replay_ratio 1040 / fps/policy 15.97 / fps/train 1.6e4

Writing metrics: /home/sk3686/logdir/dreamer/loginnode_walker_walk_stuplus_20260414_200239_della-yasaman/metrics.jsonl
Writing metrics: /home/sk3686/logdir/dreamer/loginnode_walker_walk_stuplus_20260414_200239_della-yasaman/scores.jsonl

--------------------[Agent Step 48_096]--------------------
Metrics filtered by: 'score|length|fps|ratio|train/loss/|train/rand/'
episode/score 165.06 / episode/length 1001 / train/loss/con 0.02 / train/loss/dyn 6.04 / train/loss/height 5.4e-3 / train/loss/orientations 0.38 / train/loss/policy -0.07 / train/loss/rep 6.04 / train/loss/repval 1.17 / train/loss/rew 0.61 / train/loss/value 1.01 / train/loss/velocity 1.28 / replay/replay_ratio 1040 / fps/policy 15.97 / fps/train 1.6e4

Writing metrics: /home/sk3686/logdir/dreamer/loginnode_walker_walk_stuplus_20260414_200239_della-yasaman/metrics.jsonl
Writing metrics: /home/sk3686/logdir/dreamer/loginnode_walker_walk_stuplus_20260414_200239_della-yasaman/scores.jsonl

--------------------[Agent Step 50_016]--------------------
Metrics filtered by: 'score|length|fps|ratio|train/loss/|train/rand/'
train/loss/con 0.02 / train/loss/dyn 6.12 / train/loss/height 5.7e-3 / train/loss/orientations 0.4 / train/loss/policy -0.09 / train/loss/rep 6.12 / train/loss/repval 1.16 / train/loss/rew 0.61 / train/loss/value 0.96 / train/loss/velocity 1.29 / replay/replay_ratio 1040 / fps/policy 15.93 / fps/train 1.6e4

Writing metrics: /home/sk3686/logdir/dreamer/loginnode_walker_walk_stuplus_20260414_200239_della-yasaman/metrics.jsonl
Writing metrics: /home/sk3686/logdir/dreamer/loginnode_walker_walk_stuplus_20260414_200239_della-yasaman/scores.jsonl

--------------------[Agent Step 51_936]--------------------
Metrics filtered by: 'score|length|fps|ratio|train/loss/|train/rand/'
train/loss/con 0.02 / train/loss/dyn 6.13 / train/loss/height 5.7e-3 / train/loss/orientations 0.39 / train/loss/policy -0.13 / train/loss/rep 6.13 / train/loss/repval 0.92 / train/loss/rew 0.6 / train/loss/value 1.1 / train/loss/velocity 1.27 / replay/replay_ratio 1040 / fps/policy 15.96 / fps/train 1.6e4

Writing metrics: /home/sk3686/logdir/dreamer/loginnode_walker_walk_stuplus_20260414_200239_della-yasaman/metrics.jsonl
Writing metrics: /home/sk3686/logdir/dreamer/loginnode_walker_walk_stuplus_20260414_200239_della-yasaman/scores.jsonl

--------------------[Agent Step 53_856]--------------------
Metrics filtered by: 'score|length|fps|ratio|train/loss/|train/rand/'
train/loss/con 0.02 / train/loss/dyn 6.16 / train/loss/height 6e-3 / train/loss/orientations 0.39 / train/loss/policy -0.03 / train/loss/rep 6.16 / train/loss/repval 0.95 / train/loss/rew 0.6 / train/loss/value 0.89 / train/loss/velocity 1.27 / replay/replay_ratio 1040 / fps/policy 15.98 / fps/train 1.6e4

Writing metrics: /home/sk3686/logdir/dreamer/loginnode_walker_walk_stuplus_20260414_200239_della-yasaman/scores.jsonl
Writing metrics: /home/sk3686/logdir/dreamer/loginnode_walker_walk_stuplus_20260414_200239_della-yasaman/metrics.jsonl

--------------------[Agent Step 55_776]--------------------
Metrics filtered by: 'score|length|fps|ratio|train/loss/|train/rand/'
train/loss/con 0.02 / train/loss/dyn 6.11 / train/loss/height 5.8e-3 / train/loss/orientations 0.38 / train/loss/policy -0.14 / train/loss/rep 6.11 / train/loss/repval 1.12 / train/loss/rew 0.6 / train/loss/value 0.75 / train/loss/velocity 1.24 / replay/replay_ratio 1040 / fps/policy 16 / fps/train 1.6e4

Writing metrics: /home/sk3686/logdir/dreamer/loginnode_walker_walk_stuplus_20260414_200239_della-yasaman/metrics.jsonl
Writing metrics: /home/sk3686/logdir/dreamer/loginnode_walker_walk_stuplus_20260414_200239_della-yasaman/scores.jsonl

--------------------[Agent Step 57_712]--------------------
Metrics filtered by: 'score|length|fps|ratio|train/loss/|train/rand/'
train/loss/con 0.02 / train/loss/dyn 6.22 / train/loss/height 5.5e-3 / train/loss/orientations 0.38 / train/loss/policy -0.16 / train/loss/rep 6.22 / train/loss/repval 0.84 / train/loss/rew 0.6 / train/loss/value 1.01 / train/loss/velocity 1.25 / replay/replay_ratio 1040 / fps/policy 16.02 / fps/train 1.6e4

Writing metrics: /home/sk3686/logdir/dreamer/loginnode_walker_walk_stuplus_20260414_200239_della-yasaman/scores.jsonl
Writing metrics: /home/sk3686/logdir/dreamer/loginnode_walker_walk_stuplus_20260414_200239_della-yasaman/metrics.jsonl
Saving checkpoint: /home/sk3686/logdir/dreamer/loginnode_walker_walk_stuplus_20260414_200239_della-yasaman/ckpt/20260414T210330F823394
Saved checkpoint.

--------------------[Agent Step 59_648]--------------------
Metrics filtered by: 'score|length|fps|ratio|train/loss/|train/rand/'
train/loss/con 0.02 / train/loss/dyn 6.31 / train/loss/height 5.5e-3 / train/loss/orientations 0.38 / train/loss/policy -0.08 / train/loss/rep 6.31 / train/loss/repval 0.91 / train/loss/rew 0.59 / train/loss/value 0.86 / train/loss/velocity 1.26 / replay/replay_ratio 1040 / fps/policy 16.01 / fps/train 1.6e4

Writing metrics: /home/sk3686/logdir/dreamer/loginnode_walker_walk_stuplus_20260414_200239_della-yasaman/metrics.jsonl
Writing metrics: /home/sk3686/logdir/dreamer/loginnode_walker_walk_stuplus_20260414_200239_della-yasaman/scores.jsonl

--------------------[Agent Step 61_584]--------------------
Metrics filtered by: 'score|length|fps|ratio|train/loss/|train/rand/'
train/loss/con 0.02 / train/loss/dyn 6.38 / train/loss/height 5.5e-3 / train/loss/orientations 0.38 / train/loss/policy -0.05 / train/loss/rep 6.38 / train/loss/repval 1.06 / train/loss/rew 0.59 / train/loss/value 0.9 / train/loss/velocity 1.26 / replay/replay_ratio 1040 / fps/policy 16.02 / fps/train 1.6e4

Writing metrics: /home/sk3686/logdir/dreamer/loginnode_walker_walk_stuplus_20260414_200239_della-yasaman/metrics.jsonl
Writing metrics: /home/sk3686/logdir/dreamer/loginnode_walker_walk_stuplus_20260414_200239_della-yasaman/scores.jsonl

--------------------[Agent Step 63_520]--------------------
Metrics filtered by: 'score|length|fps|ratio|train/loss/|train/rand/'
train/loss/con 0.02 / train/loss/dyn 6.39 / train/loss/height 5.3e-3 / train/loss/orientations 0.37 / train/loss/policy -0.04 / train/loss/rep 6.39 / train/loss/repval 1.18 / train/loss/rew 0.59 / train/loss/value 0.94 / train/loss/velocity 1.25 / replay/replay_ratio 1040 / fps/policy 16.01 / fps/train 1.6e4

Writing metrics: /home/sk3686/logdir/dreamer/loginnode_walker_walk_stuplus_20260414_200239_della-yasaman/metrics.jsonl
Writing metrics: /home/sk3686/logdir/dreamer/loginnode_walker_walk_stuplus_20260414_200239_della-yasaman/scores.jsonl

--------------------[Agent Step 65_440]--------------------
Metrics filtered by: 'score|length|fps|ratio|train/loss/|train/rand/'
episode/score 93.08 / episode/length 1001 / train/loss/con 0.02 / train/loss/dyn 6.36 / train/loss/height 5.3e-3 / train/loss/orientations 0.36 / train/loss/policy -0.11 / train/loss/rep 6.36 / train/loss/repval 1.04 / train/loss/rew 0.58 / train/loss/value 1.07 / train/loss/velocity 1.23 / replay/replay_ratio 1040 / fps/policy 15.99 / fps/train 1.6e4

Writing metrics: /home/sk3686/logdir/dreamer/loginnode_walker_walk_stuplus_20260414_200239_della-yasaman/scores.jsonl
Writing metrics: /home/sk3686/logdir/dreamer/loginnode_walker_walk_stuplus_20260414_200239_della-yasaman/metrics.jsonl

--------------------[Agent Step 67_360]--------------------
Metrics filtered by: 'score|length|fps|ratio|train/loss/|train/rand/'
train/loss/con 0.02 / train/loss/dyn 6.41 / train/loss/height 5.4e-3 / train/loss/orientations 0.36 / train/loss/policy -0.07 / train/loss/rep 6.41 / train/loss/repval 1 / train/loss/rew 0.59 / train/loss/value 1.17 / train/loss/velocity 1.22 / replay/replay_ratio 1040 / fps/policy 15.99 / fps/train 1.6e4

Writing metrics: /home/sk3686/logdir/dreamer/loginnode_walker_walk_stuplus_20260414_200239_della-yasaman/scores.jsonl
Writing metrics: /home/sk3686/logdir/dreamer/loginnode_walker_walk_stuplus_20260414_200239_della-yasaman/metrics.jsonl

--------------------[Agent Step 69_296]--------------------
Metrics filtered by: 'score|length|fps|ratio|train/loss/|train/rand/'
train/loss/con 0.02 / train/loss/dyn 6.39 / train/loss/height 5.2e-3 / train/loss/orientations 0.36 / train/loss/policy -0.08 / train/loss/rep 6.39 / train/loss/repval 1.08 / train/loss/rew 0.59 / train/loss/value 1.17 / train/loss/velocity 1.21 / replay/replay_ratio 1040 / fps/policy 16 / fps/train 1.6e4

Writing metrics: /home/sk3686/logdir/dreamer/loginnode_walker_walk_stuplus_20260414_200239_della-yasaman/metrics.jsonl
Writing metrics: /home/sk3686/logdir/dreamer/loginnode_walker_walk_stuplus_20260414_200239_della-yasaman/scores.jsonl

--------------------[Agent Step 71_232]--------------------
Metrics filtered by: 'score|length|fps|ratio|train/loss/|train/rand/'
train/loss/con 0.02 / train/loss/dyn 6.35 / train/loss/height 5.1e-3 / train/loss/orientations 0.36 / train/loss/policy -0.06 / train/loss/rep 6.35 / train/loss/repval 1.26 / train/loss/rew 0.58 / train/loss/value 1.04 / train/loss/velocity 1.2 / replay/replay_ratio 1040 / fps/policy 16 / fps/train 1.6e4

Writing metrics: /home/sk3686/logdir/dreamer/loginnode_walker_walk_stuplus_20260414_200239_della-yasaman/metrics.jsonl
Writing metrics: /home/sk3686/logdir/dreamer/loginnode_walker_walk_stuplus_20260414_200239_della-yasaman/scores.jsonl

--------------------[Agent Step 73_168]--------------------
Metrics filtered by: 'score|length|fps|ratio|train/loss/|train/rand/'
train/loss/con 0.02 / train/loss/dyn 6.33 / train/loss/height 5e-3 / train/loss/orientations 0.36 / train/loss/policy -0.07 / train/loss/rep 6.33 / train/loss/repval 1.2 / train/loss/rew 0.58 / train/loss/value 1.06 / train/loss/velocity 1.18 / replay/replay_ratio 1040 / fps/policy 16.02 / fps/train 1.6e4

Writing metrics: /home/sk3686/logdir/dreamer/loginnode_walker_walk_stuplus_20260414_200239_della-yasaman/scores.jsonl
Writing metrics: /home/sk3686/logdir/dreamer/loginnode_walker_walk_stuplus_20260414_200239_della-yasaman/metrics.jsonl
Saving checkpoint: /home/sk3686/logdir/dreamer/loginnode_walker_walk_stuplus_20260414_200239_della-yasaman/ckpt/20260414T211831F672279
Saved checkpoint.

--------------------[Agent Step 75_104]--------------------
Metrics filtered by: 'score|length|fps|ratio|train/loss/|train/rand/'
train/loss/con 0.02 / train/loss/dyn 6.32 / train/loss/height 4.8e-3 / train/loss/orientations 0.35 / train/loss/policy -0.06 / train/loss/rep 6.32 / train/loss/repval 1.18 / train/loss/rew 0.58 / train/loss/value 0.96 / train/loss/velocity 1.17 / replay/replay_ratio 1040 / fps/policy 16.01 / fps/train 1.6e4

Writing metrics: /home/sk3686/logdir/dreamer/loginnode_walker_walk_stuplus_20260414_200239_della-yasaman/metrics.jsonl
Writing metrics: /home/sk3686/logdir/dreamer/loginnode_walker_walk_stuplus_20260414_200239_della-yasaman/scores.jsonl

--------------------[Agent Step 77_040]--------------------
Metrics filtered by: 'score|length|fps|ratio|train/loss/|train/rand/'
train/loss/con 0.02 / train/loss/dyn 6.3 / train/loss/height 4.7e-3 / train/loss/orientations 0.34 / train/loss/policy -0.06 / train/loss/rep 6.3 / train/loss/repval 1.14 / train/loss/rew 0.58 / train/loss/value 0.91 / train/loss/velocity 1.16 / replay/replay_ratio 1040 / fps/policy 16 / fps/train 1.6e4

Writing metrics: /home/sk3686/logdir/dreamer/loginnode_walker_walk_stuplus_20260414_200239_della-yasaman/metrics.jsonl
Writing metrics: /home/sk3686/logdir/dreamer/loginnode_walker_walk_stuplus_20260414_200239_della-yasaman/scores.jsonl

--------------------[Agent Step 78_976]--------------------
Metrics filtered by: 'score|length|fps|ratio|train/loss/|train/rand/'
train/loss/con 0.02 / train/loss/dyn 6.38 / train/loss/height 4.6e-3 / train/loss/orientations 0.34 / train/loss/policy -0.06 / train/loss/rep 6.38 / train/loss/repval 1.15 / train/loss/rew 0.59 / train/loss/value 0.98 / train/loss/velocity 1.16 / replay/replay_ratio 1040 / fps/policy 16.01 / fps/train 1.6e4

Writing metrics: /home/sk3686/logdir/dreamer/loginnode_walker_walk_stuplus_20260414_200239_della-yasaman/metrics.jsonl
Writing metrics: /home/sk3686/logdir/dreamer/loginnode_walker_walk_stuplus_20260414_200239_della-yasaman/scores.jsonl

--------------------[Agent Step 80_912]--------------------
Metrics filtered by: 'score|length|fps|ratio|train/loss/|train/rand/'
episode/score 234.64 / episode/length 1001 / train/loss/con 0.02 / train/loss/dyn 6.42 / train/loss/height 4.5e-3 / train/loss/orientations 0.33 / train/loss/policy -0.07 / train/loss/rep 6.42 / train/loss/repval 1.13 / train/loss/rew 0.59 / train/loss/value 1.09 / train/loss/velocity 1.16 / replay/replay_ratio 1040 / fps/policy 16 / fps/train 1.6e4

Writing metrics: /home/sk3686/logdir/dreamer/loginnode_walker_walk_stuplus_20260414_200239_della-yasaman/metrics.jsonl
Writing metrics: /home/sk3686/logdir/dreamer/loginnode_walker_walk_stuplus_20260414_200239_della-yasaman/scores.jsonl

--------------------[Agent Step 82_832]--------------------
Metrics filtered by: 'score|length|fps|ratio|train/loss/|train/rand/'
train/loss/con 0.02 / train/loss/dyn 6.45 / train/loss/height 4.7e-3 / train/loss/orientations 0.33 / train/loss/policy -0.07 / train/loss/rep 6.45 / train/loss/repval 1.12 / train/loss/rew 0.59 / train/loss/value 0.93 / train/loss/velocity 1.16 / replay/replay_ratio 1040 / fps/policy 15.98 / fps/train 1.6e4

Writing metrics: /home/sk3686/logdir/dreamer/loginnode_walker_walk_stuplus_20260414_200239_della-yasaman/scores.jsonl
Writing metrics: /home/sk3686/logdir/dreamer/loginnode_walker_walk_stuplus_20260414_200239_della-yasaman/metrics.jsonl

--------------------[Agent Step 84_752]--------------------
Metrics filtered by: 'score|length|fps|ratio|train/loss/|train/rand/'
train/loss/con 0.02 / train/loss/dyn 6.49 / train/loss/height 4.7e-3 / train/loss/orientations 0.33 / train/loss/policy -0.06 / train/loss/rep 6.49 / train/loss/repval 1.12 / train/loss/rew 0.59 / train/loss/value 0.83 / train/loss/velocity 1.16 / replay/replay_ratio 1040 / fps/policy 16 / fps/train 1.6e4

Writing metrics: /home/sk3686/logdir/dreamer/loginnode_walker_walk_stuplus_20260414_200239_della-yasaman/metrics.jsonl
Writing metrics: /home/sk3686/logdir/dreamer/loginnode_walker_walk_stuplus_20260414_200239_della-yasaman/scores.jsonl

--------------------[Agent Step 86_688]--------------------
Metrics filtered by: 'score|length|fps|ratio|train/loss/|train/rand/'
train/loss/con 0.02 / train/loss/dyn 6.55 / train/loss/height 4.7e-3 / train/loss/orientations 0.33 / train/loss/policy -0.06 / train/loss/rep 6.55 / train/loss/repval 1.08 / train/loss/rew 0.58 / train/loss/value 0.87 / train/loss/velocity 1.16 / replay/replay_ratio 1040 / fps/policy 16.01 / fps/train 1.6e4

Writing metrics: /home/sk3686/logdir/dreamer/loginnode_walker_walk_stuplus_20260414_200239_della-yasaman/metrics.jsonl
Writing metrics: /home/sk3686/logdir/dreamer/loginnode_walker_walk_stuplus_20260414_200239_della-yasaman/scores.jsonl
Saving checkpoint: /home/sk3686/logdir/dreamer/loginnode_walker_walk_stuplus_20260414_200239_della-yasaman/ckpt/20260414T213332F379857
Saved checkpoint.

--------------------[Agent Step 88_624]--------------------
Metrics filtered by: 'score|length|fps|ratio|train/loss/|train/rand/'
train/loss/con 0.02 / train/loss/dyn 6.6 / train/loss/height 4.6e-3 / train/loss/orientations 0.33 / train/loss/policy -0.06 / train/loss/rep 6.6 / train/loss/repval 1.15 / train/loss/rew 0.59 / train/loss/value 0.9 / train/loss/velocity 1.16 / replay/replay_ratio 1040 / fps/policy 16.02 / fps/train 1.6e4

Writing metrics: /home/sk3686/logdir/dreamer/loginnode_walker_walk_stuplus_20260414_200239_della-yasaman/metrics.jsonl
Writing metrics: /home/sk3686/logdir/dreamer/loginnode_walker_walk_stuplus_20260414_200239_della-yasaman/scores.jsonl

--------------------[Agent Step 90_560]--------------------
Metrics filtered by: 'score|length|fps|ratio|train/loss/|train/rand/'
train/loss/con 0.02 / train/loss/dyn 6.64 / train/loss/height 4.6e-3 / train/loss/orientations 0.33 / train/loss/policy -0.06 / train/loss/rep 6.64 / train/loss/repval 1.12 / train/loss/rew 0.58 / train/loss/value 0.86 / train/loss/velocity 1.17 / replay/replay_ratio 1040 / fps/policy 16.01 / fps/train 1.6e4

Writing metrics: /home/sk3686/logdir/dreamer/loginnode_walker_walk_stuplus_20260414_200239_della-yasaman/scores.jsonl
Writing metrics: /home/sk3686/logdir/dreamer/loginnode_walker_walk_stuplus_20260414_200239_della-yasaman/metrics.jsonl

--------------------[Agent Step 92_480]--------------------
Metrics filtered by: 'score|length|fps|ratio|train/loss/|train/rand/'
train/loss/con 0.02 / train/loss/dyn 6.68 / train/loss/height 4.6e-3 / train/loss/orientations 0.33 / train/loss/policy -0.04 / train/loss/rep 6.68 / train/loss/repval 1.19 / train/loss/rew 0.58 / train/loss/value 0.84 / train/loss/velocity 1.17 / replay/replay_ratio 1040 / fps/policy 15.99 / fps/train 1.6e4

Writing metrics: /home/sk3686/logdir/dreamer/loginnode_walker_walk_stuplus_20260414_200239_della-yasaman/metrics.jsonl
Writing metrics: /home/sk3686/logdir/dreamer/loginnode_walker_walk_stuplus_20260414_200239_della-yasaman/scores.jsonl

--------------------[Agent Step 94_400]--------------------
Metrics filtered by: 'score|length|fps|ratio|train/loss/|train/rand/'
train/loss/con 0.02 / train/loss/dyn 6.7 / train/loss/height 4.6e-3 / train/loss/orientations 0.33 / train/loss/policy -0.07 / train/loss/rep 6.7 / train/loss/repval 1.11 / train/loss/rew 0.58 / train/loss/value 0.94 / train/loss/velocity 1.17 / replay/replay_ratio 1040 / fps/policy 15.99 / fps/train 1.6e4

Writing metrics: /home/sk3686/logdir/dreamer/loginnode_walker_walk_stuplus_20260414_200239_della-yasaman/scores.jsonl
Writing metrics: /home/sk3686/logdir/dreamer/loginnode_walker_walk_stuplus_20260414_200239_della-yasaman/metrics.jsonl

--------------------[Agent Step 96_320]--------------------
Metrics filtered by: 'score|length|fps|ratio|train/loss/|train/rand/'
episode/score 143.04 / episode/length 1001 / train/loss/con 0.02 / train/loss/dyn 6.71 / train/loss/height 4.6e-3 / train/loss/orientations 0.33 / train/loss/policy -0.06 / train/loss/rep 6.71 / train/loss/repval 1.07 / train/loss/rew 0.59 / train/loss/value 1.02 / train/loss/velocity 1.17 / replay/replay_ratio 1040 / fps/policy 15.98 / fps/train 1.6e4

Writing metrics: /home/sk3686/logdir/dreamer/loginnode_walker_walk_stuplus_20260414_200239_della-yasaman/scores.jsonl
Writing metrics: /home/sk3686/logdir/dreamer/loginnode_walker_walk_stuplus_20260414_200239_della-yasaman/metrics.jsonl

--------------------[Agent Step 98_240]--------------------
Metrics filtered by: 'score|length|fps|ratio|train/loss/|train/rand/'
train/loss/con 0.02 / train/loss/dyn 6.76 / train/loss/height 4.7e-3 / train/loss/orientations 0.33 / train/loss/policy -0.06 / train/loss/rep 6.76 / train/loss/repval 1.09 / train/loss/rew 0.59 / train/loss/value 1.05 / train/loss/velocity 1.17 / replay/replay_ratio 1040 / fps/policy 15.95 / fps/train 1.6e4

Writing metrics: /home/sk3686/logdir/dreamer/loginnode_walker_walk_stuplus_20260414_200239_della-yasaman/metrics.jsonl
Writing metrics: /home/sk3686/logdir/dreamer/loginnode_walker_walk_stuplus_20260414_200239_della-yasaman/scores.jsonl

--------------------[Agent Step 100_160]--------------------
Metrics filtered by: 'score|length|fps|ratio|train/loss/|train/rand/'
train/loss/con 0.02 / train/loss/dyn 6.78 / train/loss/height 4.6e-3 / train/loss/orientations 0.33 / train/loss/policy -0.06 / train/loss/rep 6.78 / train/loss/repval 1.11 / train/loss/rew 0.59 / train/loss/value 1.02 / train/loss/velocity 1.17 / replay/replay_ratio 1040 / fps/policy 16 / fps/train 1.6e4

Writing metrics: /home/sk3686/logdir/dreamer/loginnode_walker_walk_stuplus_20260414_200239_della-yasaman/scores.jsonl
Writing metrics: /home/sk3686/logdir/dreamer/loginnode_walker_walk_stuplus_20260414_200239_della-yasaman/metrics.jsonl

--------------------[Agent Step 102_096]--------------------
Metrics filtered by: 'score|length|fps|ratio|train/loss/|train/rand/'
train/loss/con 0.02 / train/loss/dyn 6.8 / train/loss/height 4.6e-3 / train/loss/orientations 0.33 / train/loss/policy -0.07 / train/loss/rep 6.8 / train/loss/repval 1.1 / train/loss/rew 0.59 / train/loss/value 0.97 / train/loss/velocity 1.18 / replay/replay_ratio 1040 / fps/policy 16.02 / fps/train 1.6e4

Writing metrics: /home/sk3686/logdir/dreamer/loginnode_walker_walk_stuplus_20260414_200239_della-yasaman/scores.jsonl
Writing metrics: /home/sk3686/logdir/dreamer/loginnode_walker_walk_stuplus_20260414_200239_della-yasaman/metrics.jsonl
Saving checkpoint: /home/sk3686/logdir/dreamer/loginnode_walker_walk_stuplus_20260414_200239_della-yasaman/ckpt/20260414T214832F740803
Saved checkpoint.

--------------------[Agent Step 104_032]--------------------
Metrics filtered by: 'score|length|fps|ratio|train/loss/|train/rand/'
train/loss/con 0.02 / train/loss/dyn 6.82 / train/loss/height 4.6e-3 / train/loss/orientations 0.32 / train/loss/policy -0.07 / train/loss/rep 6.82 / train/loss/repval 1.09 / train/loss/rew 0.59 / train/loss/value 0.92 / train/loss/velocity 1.17 / replay/replay_ratio 1040 / fps/policy 16.02 / fps/train 1.6e4

Writing metrics: /home/sk3686/logdir/dreamer/loginnode_walker_walk_stuplus_20260414_200239_della-yasaman/scores.jsonl
Writing metrics: /home/sk3686/logdir/dreamer/loginnode_walker_walk_stuplus_20260414_200239_della-yasaman/metrics.jsonl

--------------------[Agent Step 105_968]--------------------
Metrics filtered by: 'score|length|fps|ratio|train/loss/|train/rand/'
train/loss/con 0.02 / train/loss/dyn 6.82 / train/loss/height 4.6e-3 / train/loss/orientations 0.32 / train/loss/policy -0.05 / train/loss/rep 6.82 / train/loss/repval 1.08 / train/loss/rew 0.59 / train/loss/value 0.93 / train/loss/velocity 1.17 / replay/replay_ratio 1040 / fps/policy 16.03 / fps/train 1.6e4

Writing metrics: /home/sk3686/logdir/dreamer/loginnode_walker_walk_stuplus_20260414_200239_della-yasaman/scores.jsonl
Writing metrics: /home/sk3686/logdir/dreamer/loginnode_walker_walk_stuplus_20260414_200239_della-yasaman/metrics.jsonl

--------------------[Agent Step 107_904]--------------------
Metrics filtered by: 'score|length|fps|ratio|train/loss/|train/rand/'
train/loss/con 0.02 / train/loss/dyn 6.84 / train/loss/height 4.5e-3 / train/loss/orientations 0.31 / train/loss/policy -0.05 / train/loss/rep 6.84 / train/loss/repval 1.04 / train/loss/rew 0.59 / train/loss/value 1 / train/loss/velocity 1.16 / replay/replay_ratio 1040 / fps/policy 16.01 / fps/train 1.6e4

Writing metrics: /home/sk3686/logdir/dreamer/loginnode_walker_walk_stuplus_20260414_200239_della-yasaman/scores.jsonl
Writing metrics: /home/sk3686/logdir/dreamer/loginnode_walker_walk_stuplus_20260414_200239_della-yasaman/metrics.jsonl

--------------------[Agent Step 109_840]--------------------
Metrics filtered by: 'score|length|fps|ratio|train/loss/|train/rand/'
train/loss/con 0.02 / train/loss/dyn 6.85 / train/loss/height 4.5e-3 / train/loss/orientations 0.31 / train/loss/policy -0.05 / train/loss/rep 6.85 / train/loss/repval 1.07 / train/loss/rew 0.59 / train/loss/value 1.1 / train/loss/velocity 1.16 / replay/replay_ratio 1040 / fps/policy 16 / fps/train 1.6e4

Writing metrics: /home/sk3686/logdir/dreamer/loginnode_walker_walk_stuplus_20260414_200239_della-yasaman/scores.jsonl
Writing metrics: /home/sk3686/logdir/dreamer/loginnode_walker_walk_stuplus_20260414_200239_della-yasaman/metrics.jsonl

--------------------[Agent Step 111_776]--------------------
Metrics filtered by: 'score|length|fps|ratio|train/loss/|train/rand/'
train/loss/con 0.02 / train/loss/dyn 6.85 / train/loss/height 4.4e-3 / train/loss/orientations 0.3 / train/loss/policy -0.05 / train/loss/rep 6.85 / train/loss/repval 1.12 / train/loss/rew 0.59 / train/loss/value 1.08 / train/loss/velocity 1.16 / replay/replay_ratio 1040 / fps/policy 16 / fps/train 1.6e4

Writing metrics: /home/sk3686/logdir/dreamer/loginnode_walker_walk_stuplus_20260414_200239_della-yasaman/metrics.jsonl
Writing metrics: /home/sk3686/logdir/dreamer/loginnode_walker_walk_stuplus_20260414_200239_della-yasaman/scores.jsonl

--------------------[Agent Step 113_696]--------------------
Metrics filtered by: 'score|length|fps|ratio|train/loss/|train/rand/'
episode/score 301.79 / episode/length 1001 / train/loss/con 0.02 / train/loss/dyn 6.84 / train/loss/height 4.4e-3 / train/loss/orientations 0.3 / train/loss/policy -0.06 / train/loss/rep 6.84 / train/loss/repval 1.13 / train/loss/rew 0.59 / train/loss/value 1.06 / train/loss/velocity 1.15 / replay/replay_ratio 1040 / fps/policy 15.97 / fps/train 1.6e4

Writing metrics: /home/sk3686/logdir/dreamer/loginnode_walker_walk_stuplus_20260414_200239_della-yasaman/metrics.jsonl
Writing metrics: /home/sk3686/logdir/dreamer/loginnode_walker_walk_stuplus_20260414_200239_della-yasaman/scores.jsonl

--------------------[Agent Step 115_616]--------------------
Metrics filtered by: 'score|length|fps|ratio|train/loss/|train/rand/'
train/loss/con 0.02 / train/loss/dyn 6.86 / train/loss/height 4.4e-3 / train/loss/orientations 0.3 / train/loss/policy -0.06 / train/loss/rep 6.86 / train/loss/repval 1.13 / train/loss/rew 0.6 / train/loss/value 1.04 / train/loss/velocity 1.15 / replay/replay_ratio 1040 / fps/policy 15.97 / fps/train 1.6e4

Writing metrics: /home/sk3686/logdir/dreamer/loginnode_walker_walk_stuplus_20260414_200239_della-yasaman/metrics.jsonl
Writing metrics: /home/sk3686/logdir/dreamer/loginnode_walker_walk_stuplus_20260414_200239_della-yasaman/scores.jsonl
Saving checkpoint: /home/sk3686/logdir/dreamer/loginnode_walker_walk_stuplus_20260414_200239_della-yasaman/ckpt/20260414T220332F917388
Saved checkpoint.

--------------------[Agent Step 117_536]--------------------
Metrics filtered by: 'score|length|fps|ratio|train/loss/|train/rand/'
train/loss/con 0.02 / train/loss/dyn 6.84 / train/loss/height 4.3e-3 / train/loss/orientations 0.29 / train/loss/policy -0.07 / train/loss/rep 6.84 / train/loss/repval 1.11 / train/loss/rew 0.59 / train/loss/value 1.05 / train/loss/velocity 1.14 / replay/replay_ratio 1040 / fps/policy 15.97 / fps/train 1.6e4

Writing metrics: /home/sk3686/logdir/dreamer/loginnode_walker_walk_stuplus_20260414_200239_della-yasaman/metrics.jsonl
Writing metrics: /home/sk3686/logdir/dreamer/loginnode_walker_walk_stuplus_20260414_200239_della-yasaman/scores.jsonl

--------------------[Agent Step 119_472]--------------------
Metrics filtered by: 'score|length|fps|ratio|train/loss/|train/rand/'
train/loss/con 0.02 / train/loss/dyn 6.84 / train/loss/height 4.2e-3 / train/loss/orientations 0.29 / train/loss/policy -0.07 / train/loss/rep 6.84 / train/loss/repval 1.08 / train/loss/rew 0.6 / train/loss/value 1.08 / train/loss/velocity 1.14 / replay/replay_ratio 1040 / fps/policy 16 / fps/train 1.6e4

Writing metrics: /home/sk3686/logdir/dreamer/loginnode_walker_walk_stuplus_20260414_200239_della-yasaman/scores.jsonl
Writing metrics: /home/sk3686/logdir/dreamer/loginnode_walker_walk_stuplus_20260414_200239_della-yasaman/metrics.jsonl

--------------------[Agent Step 121_392]--------------------
Metrics filtered by: 'score|length|fps|ratio|train/loss/|train/rand/'
train/loss/con 0.02 / train/loss/dyn 6.85 / train/loss/height 4.1e-3 / train/loss/orientations 0.28 / train/loss/policy -0.07 / train/loss/rep 6.85 / train/loss/repval 1.06 / train/loss/rew 0.6 / train/loss/value 1.11 / train/loss/velocity 1.13 / replay/replay_ratio 1040 / fps/policy 16 / fps/train 1.6e4

Writing metrics: /home/sk3686/logdir/dreamer/loginnode_walker_walk_stuplus_20260414_200239_della-yasaman/metrics.jsonl
Writing metrics: /home/sk3686/logdir/dreamer/loginnode_walker_walk_stuplus_20260414_200239_della-yasaman/scores.jsonl

--------------------[Agent Step 123_312]--------------------
Metrics filtered by: 'score|length|fps|ratio|train/loss/|train/rand/'
train/loss/con 0.02 / train/loss/dyn 6.85 / train/loss/height 4.1e-3 / train/loss/orientations 0.28 / train/loss/policy -0.09 / train/loss/rep 6.85 / train/loss/repval 1.06 / train/loss/rew 0.6 / train/loss/value 1.13 / train/loss/velocity 1.13 / replay/replay_ratio 1040 / fps/policy 15.98 / fps/train 1.6e4

Writing metrics: /home/sk3686/logdir/dreamer/loginnode_walker_walk_stuplus_20260414_200239_della-yasaman/metrics.jsonl
Writing metrics: /home/sk3686/logdir/dreamer/loginnode_walker_walk_stuplus_20260414_200239_della-yasaman/scores.jsonl

--------------------[Agent Step 125_216]--------------------
Metrics filtered by: 'score|length|fps|ratio|train/loss/|train/rand/'
train/loss/con 0.02 / train/loss/dyn 6.84 / train/loss/height 3.9e-3 / train/loss/orientations 0.27 / train/loss/policy -0.1 / train/loss/rep 6.84 / train/loss/repval 1.15 / train/loss/rew 0.6 / train/loss/value 1.09 / train/loss/velocity 1.12 / replay/replay_ratio 1040 / fps/policy 15.84 / fps/train 1.6e4

Writing metrics: /home/sk3686/logdir/dreamer/loginnode_walker_walk_stuplus_20260414_200239_della-yasaman/metrics.jsonl
Writing metrics: /home/sk3686/logdir/dreamer/loginnode_walker_walk_stuplus_20260414_200239_della-yasaman/scores.jsonl

--------------------[Agent Step 127_136]--------------------
Metrics filtered by: 'score|length|fps|ratio|train/loss/|train/rand/'
train/loss/con 0.02 / train/loss/dyn 6.81 / train/loss/height 3.9e-3 / train/loss/orientations 0.27 / train/loss/policy -0.09 / train/loss/rep 6.81 / train/loss/repval 1.2 / train/loss/rew 0.6 / train/loss/value 1.08 / train/loss/velocity 1.12 / replay/replay_ratio 1040 / fps/policy 15.93 / fps/train 1.6e4

Writing metrics: /home/sk3686/logdir/dreamer/loginnode_walker_walk_stuplus_20260414_200239_della-yasaman/metrics.jsonl
Writing metrics: /home/sk3686/logdir/dreamer/loginnode_walker_walk_stuplus_20260414_200239_della-yasaman/scores.jsonl

--------------------[Agent Step 129_008]--------------------
Metrics filtered by: 'score|length|fps|ratio|train/loss/|train/rand/'
episode/score 345.69 / episode/length 1001 / train/loss/con 0.02 / train/loss/dyn 6.84 / train/loss/height 3.9e-3 / train/loss/orientations 0.26 / train/loss/policy -0.1 / train/loss/rep 6.84 / train/loss/repval 1.19 / train/loss/rew 0.6 / train/loss/value 1.03 / train/loss/velocity 1.12 / replay/replay_ratio 1040 / fps/policy 15.5 / fps/train 1.6e4

Writing metrics: /home/sk3686/logdir/dreamer/loginnode_walker_walk_stuplus_20260414_200239_della-yasaman/metrics.jsonl
Writing metrics: /home/sk3686/logdir/dreamer/loginnode_walker_walk_stuplus_20260414_200239_della-yasaman/scores.jsonl

--------------------[Agent Step 130_928]--------------------
Metrics filtered by: 'score|length|fps|ratio|train/loss/|train/rand/'
train/loss/con 0.02 / train/loss/dyn 6.84 / train/loss/height 3.8e-3 / train/loss/orientations 0.26 / train/loss/policy -0.08 / train/loss/rep 6.84 / train/loss/repval 1.13 / train/loss/rew 0.6 / train/loss/value 0.94 / train/loss/velocity 1.12 / replay/replay_ratio 1040 / fps/policy 15.87 / fps/train 1.6e4

Writing metrics: /home/sk3686/logdir/dreamer/loginnode_walker_walk_stuplus_20260414_200239_della-yasaman/scores.jsonl
Writing metrics: /home/sk3686/logdir/dreamer/loginnode_walker_walk_stuplus_20260414_200239_della-yasaman/metrics.jsonl
Saving checkpoint: /home/sk3686/logdir/dreamer/loginnode_walker_walk_stuplus_20260414_200239_della-yasaman/ckpt/20260414T221833F808161
Saved checkpoint.

--------------------[Agent Step 132_848]--------------------
Metrics filtered by: 'score|length|fps|ratio|train/loss/|train/rand/'
train/loss/con 0.02 / train/loss/dyn 6.83 / train/loss/height 3.8e-3 / train/loss/orientations 0.26 / train/loss/policy -0.07 / train/loss/rep 6.83 / train/loss/repval 1.02 / train/loss/rew 0.6 / train/loss/value 0.94 / train/loss/velocity 1.11 / replay/replay_ratio 1040 / fps/policy 15.91 / fps/train 1.6e4

Writing metrics: /home/sk3686/logdir/dreamer/loginnode_walker_walk_stuplus_20260414_200239_della-yasaman/scores.jsonl
Writing metrics: /home/sk3686/logdir/dreamer/loginnode_walker_walk_stuplus_20260414_200239_della-yasaman/metrics.jsonl

--------------------[Agent Step 134_768]--------------------
Metrics filtered by: 'score|length|fps|ratio|train/loss/|train/rand/'
train/loss/con 0.02 / train/loss/dyn 6.81 / train/loss/height 3.7e-3 / train/loss/orientations 0.25 / train/loss/policy -0.07 / train/loss/rep 6.81 / train/loss/repval 1.03 / train/loss/rew 0.6 / train/loss/value 1.03 / train/loss/velocity 1.11 / replay/replay_ratio 1040 / fps/policy 15.96 / fps/train 1.6e4

Writing metrics: /home/sk3686/logdir/dreamer/loginnode_walker_walk_stuplus_20260414_200239_della-yasaman/metrics.jsonl
Writing metrics: /home/sk3686/logdir/dreamer/loginnode_walker_walk_stuplus_20260414_200239_della-yasaman/scores.jsonl

--------------------[Agent Step 136_688]--------------------
Metrics filtered by: 'score|length|fps|ratio|train/loss/|train/rand/'
train/loss/con 0.02 / train/loss/dyn 6.8 / train/loss/height 3.6e-3 / train/loss/orientations 0.25 / train/loss/policy -0.08 / train/loss/rep 6.8 / train/loss/repval 1.1 / train/loss/rew 0.6 / train/loss/value 1.05 / train/loss/velocity 1.1 / replay/replay_ratio 1040 / fps/policy 15.99 / fps/train 1.6e4

Writing metrics: /home/sk3686/logdir/dreamer/loginnode_walker_walk_stuplus_20260414_200239_della-yasaman/metrics.jsonl
Writing metrics: /home/sk3686/logdir/dreamer/loginnode_walker_walk_stuplus_20260414_200239_della-yasaman/scores.jsonl

--------------------[Agent Step 138_608]--------------------
Metrics filtered by: 'score|length|fps|ratio|train/loss/|train/rand/'
train/loss/con 0.02 / train/loss/dyn 6.82 / train/loss/height 3.6e-3 / train/loss/orientations 0.25 / train/loss/policy -0.07 / train/loss/rep 6.82 / train/loss/repval 1.14 / train/loss/rew 0.6 / train/loss/value 1.05 / train/loss/velocity 1.1 / replay/replay_ratio 1040 / fps/policy 15.99 / fps/train 1.6e4

Writing metrics: /home/sk3686/logdir/dreamer/loginnode_walker_walk_stuplus_20260414_200239_della-yasaman/scores.jsonl
Writing metrics: /home/sk3686/logdir/dreamer/loginnode_walker_walk_stuplus_20260414_200239_della-yasaman/metrics.jsonl

--------------------[Agent Step 140_528]--------------------
Metrics filtered by: 'score|length|fps|ratio|train/loss/|train/rand/'
train/loss/con 0.02 / train/loss/dyn 6.81 / train/loss/height 3.5e-3 / train/loss/orientations 0.24 / train/loss/policy -0.08 / train/loss/rep 6.81 / train/loss/repval 1.11 / train/loss/rew 0.6 / train/loss/value 1.08 / train/loss/velocity 1.1 / replay/replay_ratio 1040 / fps/policy 15.99 / fps/train 1.6e4

Writing metrics: /home/sk3686/logdir/dreamer/loginnode_walker_walk_stuplus_20260414_200239_della-yasaman/scores.jsonl
Writing metrics: /home/sk3686/logdir/dreamer/loginnode_walker_walk_stuplus_20260414_200239_della-yasaman/metrics.jsonl

--------------------[Agent Step 142_464]--------------------
Metrics filtered by: 'score|length|fps|ratio|train/loss/|train/rand/'
train/loss/con 0.02 / train/loss/dyn 6.79 / train/loss/height 3.5e-3 / train/loss/orientations 0.24 / train/loss/policy -0.09 / train/loss/rep 6.79 / train/loss/repval 1.06 / train/loss/rew 0.6 / train/loss/value 1.12 / train/loss/velocity 1.09 / replay/replay_ratio 1040 / fps/policy 16 / fps/train 1.6e4

Writing metrics: /home/sk3686/logdir/dreamer/loginnode_walker_walk_stuplus_20260414_200239_della-yasaman/scores.jsonl
Writing metrics: /home/sk3686/logdir/dreamer/loginnode_walker_walk_stuplus_20260414_200239_della-yasaman/metrics.jsonl

--------------------[Agent Step 144_384]--------------------
Metrics filtered by: 'score|length|fps|ratio|train/loss/|train/rand/'
episode/score 301.49 / episode/length 1001 / train/loss/con 0.02 / train/loss/dyn 6.8 / train/loss/height 3.4e-3 / train/loss/orientations 0.24 / train/loss/policy -0.08 / train/loss/rep 6.8 / train/loss/repval 1.05 / train/loss/rew 0.6 / train/loss/value 1.13 / train/loss/velocity 1.09 / replay/replay_ratio 1040 / fps/policy 15.98 / fps/train 1.6e4

Writing metrics: /home/sk3686/logdir/dreamer/loginnode_walker_walk_stuplus_20260414_200239_della-yasaman/scores.jsonl
Writing metrics: /home/sk3686/logdir/dreamer/loginnode_walker_walk_stuplus_20260414_200239_della-yasaman/metrics.jsonl
Saving checkpoint: /home/sk3686/logdir/dreamer/loginnode_walker_walk_stuplus_20260414_200239_della-yasaman/ckpt/20260414T223334F223911
Saved checkpoint.

--------------------[Agent Step 146_304]--------------------
Metrics filtered by: 'score|length|fps|ratio|train/loss/|train/rand/'
train/loss/con 0.02 / train/loss/dyn 6.81 / train/loss/height 3.4e-3 / train/loss/orientations 0.23 / train/loss/policy -0.08 / train/loss/rep 6.81 / train/loss/repval 1.05 / train/loss/rew 0.6 / train/loss/value 1.13 / train/loss/velocity 1.09 / replay/replay_ratio 1040 / fps/policy 15.95 / fps/train 1.6e4

Writing metrics: /home/sk3686/logdir/dreamer/loginnode_walker_walk_stuplus_20260414_200239_della-yasaman/scores.jsonl
Writing metrics: /home/sk3686/logdir/dreamer/loginnode_walker_walk_stuplus_20260414_200239_della-yasaman/metrics.jsonl

--------------------[Agent Step 148_048]--------------------
Metrics filtered by: 'score|length|fps|ratio|train/loss/|train/rand/'
train/loss/con 0.02 / train/loss/dyn 6.8 / train/loss/height 3.3e-3 / train/loss/orientations 0.23 / train/loss/policy -0.08 / train/loss/rep 6.8 / train/loss/repval 1.06 / train/loss/rew 0.6 / train/loss/value 1.1 / train/loss/velocity 1.09 / replay/replay_ratio 1040 / fps/policy 14.45 / fps/train 1.5e4

Writing metrics: /home/sk3686/logdir/dreamer/loginnode_walker_walk_stuplus_20260414_200239_della-yasaman/metrics.jsonl
Writing metrics: /home/sk3686/logdir/dreamer/loginnode_walker_walk_stuplus_20260414_200239_della-yasaman/scores.jsonl

--------------------[Agent Step 149_968]--------------------
Metrics filtered by: 'score|length|fps|ratio|train/loss/|train/rand/'
train/loss/con 0.02 / train/loss/dyn 6.78 / train/loss/height 3.2e-3 / train/loss/orientations 0.23 / train/loss/policy -0.07 / train/loss/rep 6.78 / train/loss/repval 1.07 / train/loss/rew 0.6 / train/loss/value 1.07 / train/loss/velocity 1.08 / replay/replay_ratio 1040 / fps/policy 15.99 / fps/train 1.6e4

Writing metrics: /home/sk3686/logdir/dreamer/loginnode_walker_walk_stuplus_20260414_200239_della-yasaman/metrics.jsonl
Writing metrics: /home/sk3686/logdir/dreamer/loginnode_walker_walk_stuplus_20260414_200239_della-yasaman/scores.jsonl

--------------------[Agent Step 151_888]--------------------
Metrics filtered by: 'score|length|fps|ratio|train/loss/|train/rand/'
train/loss/con 0.02 / train/loss/dyn 6.77 / train/loss/height 3.2e-3 / train/loss/orientations 0.22 / train/loss/policy -0.07 / train/loss/rep 6.77 / train/loss/repval 1.08 / train/loss/rew 0.6 / train/loss/value 1.05 / train/loss/velocity 1.08 / replay/replay_ratio 1040 / fps/policy 15.95 / fps/train 1.6e4

Writing metrics: /home/sk3686/logdir/dreamer/loginnode_walker_walk_stuplus_20260414_200239_della-yasaman/metrics.jsonl
Writing metrics: /home/sk3686/logdir/dreamer/loginnode_walker_walk_stuplus_20260414_200239_della-yasaman/scores.jsonl

--------------------[Agent Step 153_808]--------------------
Metrics filtered by: 'score|length|fps|ratio|train/loss/|train/rand/'
train/loss/con 0.02 / train/loss/dyn 6.75 / train/loss/height 3.2e-3 / train/loss/orientations 0.22 / train/loss/policy -0.08 / train/loss/rep 6.75 / train/loss/repval 1.09 / train/loss/rew 0.6 / train/loss/value 1.01 / train/loss/velocity 1.07 / replay/replay_ratio 1040 / fps/policy 15.94 / fps/train 1.6e4

Writing metrics: /home/sk3686/logdir/dreamer/loginnode_walker_walk_stuplus_20260414_200239_della-yasaman/metrics.jsonl
Writing metrics: /home/sk3686/logdir/dreamer/loginnode_walker_walk_stuplus_20260414_200239_della-yasaman/scores.jsonl

--------------------[Agent Step 155_728]--------------------
Metrics filtered by: 'score|length|fps|ratio|train/loss/|train/rand/'
train/loss/con 0.02 / train/loss/dyn 6.75 / train/loss/height 3.1e-3 / train/loss/orientations 0.22 / train/loss/policy -0.08 / train/loss/rep 6.75 / train/loss/repval 1.09 / train/loss/rew 0.6 / train/loss/value 0.95 / train/loss/velocity 1.07 / replay/replay_ratio 1040 / fps/policy 15.99 / fps/train 1.6e4

Writing metrics: /home/sk3686/logdir/dreamer/loginnode_walker_walk_stuplus_20260414_200239_della-yasaman/metrics.jsonl
Writing metrics: /home/sk3686/logdir/dreamer/loginnode_walker_walk_stuplus_20260414_200239_della-yasaman/scores.jsonl

--------------------[Agent Step 157_648]--------------------
Metrics filtered by: 'score|length|fps|ratio|train/loss/|train/rand/'
train/loss/con 0.02 / train/loss/dyn 6.74 / train/loss/height 3.1e-3 / train/loss/orientations 0.22 / train/loss/policy -0.07 / train/loss/rep 6.74 / train/loss/repval 1.1 / train/loss/rew 0.6 / train/loss/value 0.93 / train/loss/velocity 1.07 / replay/replay_ratio 1040 / fps/policy 15.99 / fps/train 1.6e4

Writing metrics: /home/sk3686/logdir/dreamer/loginnode_walker_walk_stuplus_20260414_200239_della-yasaman/metrics.jsonl
Writing metrics: /home/sk3686/logdir/dreamer/loginnode_walker_walk_stuplus_20260414_200239_della-yasaman/scores.jsonl

--------------------[Agent Step 159_568]--------------------
Metrics filtered by: 'score|length|fps|ratio|train/loss/|train/rand/'
train/loss/con 0.02 / train/loss/dyn 6.73 / train/loss/height 3e-3 / train/loss/orientations 0.21 / train/loss/policy -0.07 / train/loss/rep 6.73 / train/loss/repval 1.11 / train/loss/rew 0.6 / train/loss/value 0.89 / train/loss/velocity 1.06 / replay/replay_ratio 1040 / fps/policy 16 / fps/train 1.6e4

Writing metrics: /home/sk3686/logdir/dreamer/loginnode_walker_walk_stuplus_20260414_200239_della-yasaman/scores.jsonl
Writing metrics: /home/sk3686/logdir/dreamer/loginnode_walker_walk_stuplus_20260414_200239_della-yasaman/metrics.jsonl
Saving checkpoint: /home/sk3686/logdir/dreamer/loginnode_walker_walk_stuplus_20260414_200239_della-yasaman/ckpt/20260414T224835F109485
Saved checkpoint.

--------------------[Agent Step 161_488]--------------------
Metrics filtered by: 'score|length|fps|ratio|train/loss/|train/rand/'
episode/score 332.02 / episode/length 1001 / train/loss/con 0.02 / train/loss/dyn 6.74 / train/loss/height 3e-3 / train/loss/orientations 0.21 / train/loss/policy -0.08 / train/loss/rep 6.74 / train/loss/repval 1.1 / train/loss/rew 0.6 / train/loss/value 0.86 / train/loss/velocity 1.06 / replay/replay_ratio 1040 / fps/policy 15.95 / fps/train 1.6e4

Writing metrics: /home/sk3686/logdir/dreamer/loginnode_walker_walk_stuplus_20260414_200239_della-yasaman/metrics.jsonl
Writing metrics: /home/sk3686/logdir/dreamer/loginnode_walker_walk_stuplus_20260414_200239_della-yasaman/scores.jsonl

--------------------[Agent Step 163_408]--------------------
Metrics filtered by: 'score|length|fps|ratio|train/loss/|train/rand/'
train/loss/con 0.02 / train/loss/dyn 6.73 / train/loss/height 3e-3 / train/loss/orientations 0.21 / train/loss/policy -0.08 / train/loss/rep 6.73 / train/loss/repval 1.09 / train/loss/rew 0.6 / train/loss/value 0.83 / train/loss/velocity 1.06 / replay/replay_ratio 1040 / fps/policy 15.9 / fps/train 1.6e4

Writing metrics: /home/sk3686/logdir/dreamer/loginnode_walker_walk_stuplus_20260414_200239_della-yasaman/metrics.jsonl
Writing metrics: /home/sk3686/logdir/dreamer/loginnode_walker_walk_stuplus_20260414_200239_della-yasaman/scores.jsonl

--------------------[Agent Step 165_328]--------------------
Metrics filtered by: 'score|length|fps|ratio|train/loss/|train/rand/'
train/loss/con 0.02 / train/loss/dyn 6.69 / train/loss/height 2.9e-3 / train/loss/orientations 0.2 / train/loss/policy -0.09 / train/loss/rep 6.69 / train/loss/repval 1.05 / train/loss/rew 0.6 / train/loss/value 0.84 / train/loss/velocity 1.05 / replay/replay_ratio 1040 / fps/policy 15.97 / fps/train 1.6e4

Writing metrics: /home/sk3686/logdir/dreamer/loginnode_walker_walk_stuplus_20260414_200239_della-yasaman/scores.jsonl
Writing metrics: /home/sk3686/logdir/dreamer/loginnode_walker_walk_stuplus_20260414_200239_della-yasaman/metrics.jsonl

--------------------[Agent Step 167_264]--------------------
Metrics filtered by: 'score|length|fps|ratio|train/loss/|train/rand/'
train/loss/con 0.02 / train/loss/dyn 6.7 / train/loss/height 2.8e-3 / train/loss/orientations 0.2 / train/loss/policy -0.1 / train/loss/rep 6.7 / train/loss/repval 1 / train/loss/rew 0.6 / train/loss/value 0.91 / train/loss/velocity 1.05 / replay/replay_ratio 1040 / fps/policy 16 / fps/train 1.6e4

Writing metrics: /home/sk3686/logdir/dreamer/loginnode_walker_walk_stuplus_20260414_200239_della-yasaman/metrics.jsonl
Writing metrics: /home/sk3686/logdir/dreamer/loginnode_walker_walk_stuplus_20260414_200239_della-yasaman/scores.jsonl

--------------------[Agent Step 169_200]--------------------
Metrics filtered by: 'score|length|fps|ratio|train/loss/|train/rand/'
train/loss/con 0.02 / train/loss/dyn 6.68 / train/loss/height 2.8e-3 / train/loss/orientations 0.2 / train/loss/policy -0.1 / train/loss/rep 6.68 / train/loss/repval 1.02 / train/loss/rew 0.6 / train/loss/value 1.04 / train/loss/velocity 1.05 / replay/replay_ratio 1040 / fps/policy 16 / fps/train 1.6e4

Writing metrics: /home/sk3686/logdir/dreamer/loginnode_walker_walk_stuplus_20260414_200239_della-yasaman/scores.jsonl
Writing metrics: /home/sk3686/logdir/dreamer/loginnode_walker_walk_stuplus_20260414_200239_della-yasaman/metrics.jsonl

--------------------[Agent Step 171_104]--------------------
Metrics filtered by: 'score|length|fps|ratio|train/loss/|train/rand/'
train/loss/con 0.02 / train/loss/dyn 6.67 / train/loss/height 2.8e-3 / train/loss/orientations 0.2 / train/loss/policy -0.1 / train/loss/rep 6.67 / train/loss/repval 1.04 / train/loss/rew 0.6 / train/loss/value 1.15 / train/loss/velocity 1.05 / replay/replay_ratio 1040 / fps/policy 15.78 / fps/train 1.6e4

Writing metrics: /home/sk3686/logdir/dreamer/loginnode_walker_walk_stuplus_20260414_200239_della-yasaman/metrics.jsonl
Writing metrics: /home/sk3686/logdir/dreamer/loginnode_walker_walk_stuplus_20260414_200239_della-yasaman/scores.jsonl

--------------------[Agent Step 173_008]--------------------
Metrics filtered by: 'score|length|fps|ratio|train/loss/|train/rand/'
train/loss/con 0.02 / train/loss/dyn 6.67 / train/loss/height 2.7e-3 / train/loss/orientations 0.19 / train/loss/policy -0.1 / train/loss/rep 6.67 / train/loss/repval 1.07 / train/loss/rew 0.6 / train/loss/value 1.22 / train/loss/velocity 1.04 / replay/replay_ratio 1040 / fps/policy 15.79 / fps/train 1.6e4

Writing metrics: /home/sk3686/logdir/dreamer/loginnode_walker_walk_stuplus_20260414_200239_della-yasaman/scores.jsonl
Writing metrics: /home/sk3686/logdir/dreamer/loginnode_walker_walk_stuplus_20260414_200239_della-yasaman/metrics.jsonl
Saving checkpoint: /home/sk3686/logdir/dreamer/loginnode_walker_walk_stuplus_20260414_200239_della-yasaman/ckpt/20260414T230335F720010
Saved checkpoint.

--------------------[Agent Step 174_928]--------------------
Metrics filtered by: 'score|length|fps|ratio|train/loss/|train/rand/'
train/loss/con 0.02 / train/loss/dyn 6.66 / train/loss/height 2.7e-3 / train/loss/orientations 0.19 / train/loss/policy -0.09 / train/loss/rep 6.66 / train/loss/repval 1.14 / train/loss/rew 0.6 / train/loss/value 1.17 / train/loss/velocity 1.04 / replay/replay_ratio 1040 / fps/policy 15.99 / fps/train 1.6e4

Writing metrics: /home/sk3686/logdir/dreamer/loginnode_walker_walk_stuplus_20260414_200239_della-yasaman/metrics.jsonl
Writing metrics: /home/sk3686/logdir/dreamer/loginnode_walker_walk_stuplus_20260414_200239_della-yasaman/scores.jsonl

--------------------[Agent Step 176_656]--------------------
Metrics filtered by: 'score|length|fps|ratio|train/loss/|train/rand/'
episode/score 490.52 / episode/length 1001 / train/loss/con 0.02 / train/loss/dyn 6.64 / train/loss/height 2.6e-3 / train/loss/orientations 0.19 / train/loss/policy -0.09 / train/loss/rep 6.64 / train/loss/repval 1.19 / train/loss/rew 0.6 / train/loss/value 1.09 / train/loss/velocity 1.04 / replay/replay_ratio 1040 / fps/policy 14.37 / fps/train 1.5e4

Writing metrics: /home/sk3686/logdir/dreamer/loginnode_walker_walk_stuplus_20260414_200239_della-yasaman/metrics.jsonl
Writing metrics: /home/sk3686/logdir/dreamer/loginnode_walker_walk_stuplus_20260414_200239_della-yasaman/scores.jsonl

--------------------[Agent Step 178_352]--------------------
Metrics filtered by: 'score|length|fps|ratio|train/loss/|train/rand/'
train/loss/con 0.02 / train/loss/dyn 6.64 / train/loss/height 2.6e-3 / train/loss/orientations 0.19 / train/loss/policy -0.09 / train/loss/rep 6.64 / train/loss/repval 1.21 / train/loss/rew 0.6 / train/loss/value 1.09 / train/loss/velocity 1.04 / replay/replay_ratio 1040 / fps/policy 14.05 / fps/train 1.4e4

Writing metrics: /home/sk3686/logdir/dreamer/loginnode_walker_walk_stuplus_20260414_200239_della-yasaman/metrics.jsonl
Writing metrics: /home/sk3686/logdir/dreamer/loginnode_walker_walk_stuplus_20260414_200239_della-yasaman/scores.jsonl

--------------------[Agent Step 180_048]--------------------
Metrics filtered by: 'score|length|fps|ratio|train/loss/|train/rand/'
train/loss/con 0.02 / train/loss/dyn 6.65 / train/loss/height 2.6e-3 / train/loss/orientations 0.19 / train/loss/policy -0.09 / train/loss/rep 6.65 / train/loss/repval 1.21 / train/loss/rew 0.61 / train/loss/value 1.06 / train/loss/velocity 1.04 / replay/replay_ratio 1040 / fps/policy 14.04 / fps/train 1.4e4

Writing metrics: /home/sk3686/logdir/dreamer/loginnode_walker_walk_stuplus_20260414_200239_della-yasaman/scores.jsonl
Writing metrics: /home/sk3686/logdir/dreamer/loginnode_walker_walk_stuplus_20260414_200239_della-yasaman/metrics.jsonl

--------------------[Agent Step 181_872]--------------------
Metrics filtered by: 'score|length|fps|ratio|train/loss/|train/rand/'
train/loss/con 0.02 / train/loss/dyn 6.64 / train/loss/height 2.5e-3 / train/loss/orientations 0.18 / train/loss/policy -0.09 / train/loss/rep 6.64 / train/loss/repval 1.22 / train/loss/rew 0.61 / train/loss/value 1.01 / train/loss/velocity 1.03 / replay/replay_ratio 1040 / fps/policy 15.12 / fps/train 1.5e4

Writing metrics: /home/sk3686/logdir/dreamer/loginnode_walker_walk_stuplus_20260414_200239_della-yasaman/scores.jsonl
Writing metrics: /home/sk3686/logdir/dreamer/loginnode_walker_walk_stuplus_20260414_200239_della-yasaman/metrics.jsonl

--------------------[Agent Step 183_792]--------------------
Metrics filtered by: 'score|length|fps|ratio|train/loss/|train/rand/'
train/loss/con 0.02 / train/loss/dyn 6.61 / train/loss/height 2.5e-3 / train/loss/orientations 0.18 / train/loss/policy -0.09 / train/loss/rep 6.61 / train/loss/repval 1.21 / train/loss/rew 0.61 / train/loss/value 0.95 / train/loss/velocity 1.03 / replay/replay_ratio 1040 / fps/policy 15.99 / fps/train 1.6e4

Writing metrics: /home/sk3686/logdir/dreamer/loginnode_walker_walk_stuplus_20260414_200239_della-yasaman/metrics.jsonl
Writing metrics: /home/sk3686/logdir/dreamer/loginnode_walker_walk_stuplus_20260414_200239_della-yasaman/scores.jsonl

--------------------[Agent Step 185_712]--------------------
Metrics filtered by: 'score|length|fps|ratio|train/loss/|train/rand/'
train/loss/con 0.02 / train/loss/dyn 6.6 / train/loss/height 2.5e-3 / train/loss/orientations 0.18 / train/loss/policy -0.1 / train/loss/rep 6.6 / train/loss/repval 1.21 / train/loss/rew 0.6 / train/loss/value 0.91 / train/loss/velocity 1.02 / replay/replay_ratio 1040 / fps/policy 15.93 / fps/train 1.6e4

Writing metrics: /home/sk3686/logdir/dreamer/loginnode_walker_walk_stuplus_20260414_200239_della-yasaman/scores.jsonl
Writing metrics: /home/sk3686/logdir/dreamer/loginnode_walker_walk_stuplus_20260414_200239_della-yasaman/metrics.jsonl

--------------------[Agent Step 187_648]--------------------
Metrics filtered by: 'score|length|fps|ratio|train/loss/|train/rand/'
train/loss/con 0.02 / train/loss/dyn 6.57 / train/loss/height 2.4e-3 / train/loss/orientations 0.17 / train/loss/policy -0.1 / train/loss/rep 6.57 / train/loss/repval 1.17 / train/loss/rew 0.6 / train/loss/value 0.83 / train/loss/velocity 1.02 / replay/replay_ratio 1040 / fps/policy 16.01 / fps/train 1.6e4

Writing metrics: /home/sk3686/logdir/dreamer/loginnode_walker_walk_stuplus_20260414_200239_della-yasaman/scores.jsonl
Writing metrics: /home/sk3686/logdir/dreamer/loginnode_walker_walk_stuplus_20260414_200239_della-yasaman/metrics.jsonl
Saving checkpoint: /home/sk3686/logdir/dreamer/loginnode_walker_walk_stuplus_20260414_200239_della-yasaman/ckpt/20260414T231835F890795
Saved checkpoint.

--------------------[Agent Step 189_568]--------------------
Metrics filtered by: 'score|length|fps|ratio|train/loss/|train/rand/'
train/loss/con 0.02 / train/loss/dyn 6.58 / train/loss/height 2.4e-3 / train/loss/orientations 0.17 / train/loss/policy -0.1 / train/loss/rep 6.58 / train/loss/repval 1.14 / train/loss/rew 0.61 / train/loss/value 0.77 / train/loss/velocity 1.02 / replay/replay_ratio 1040 / fps/policy 15.99 / fps/train 1.6e4

Writing metrics: /home/sk3686/logdir/dreamer/loginnode_walker_walk_stuplus_20260414_200239_della-yasaman/metrics.jsonl
Writing metrics: /home/sk3686/logdir/dreamer/loginnode_walker_walk_stuplus_20260414_200239_della-yasaman/scores.jsonl

--------------------[Agent Step 191_504]--------------------
Metrics filtered by: 'score|length|fps|ratio|train/loss/|train/rand/'
train/loss/con 0.02 / train/loss/dyn 6.58 / train/loss/height 2.4e-3 / train/loss/orientations 0.17 / train/loss/policy -0.1 / train/loss/rep 6.58 / train/loss/repval 1.1 / train/loss/rew 0.6 / train/loss/value 0.72 / train/loss/velocity 1.02 / replay/replay_ratio 1040 / fps/policy 16 / fps/train 1.6e4

Writing metrics: /home/sk3686/logdir/dreamer/loginnode_walker_walk_stuplus_20260414_200239_della-yasaman/scores.jsonl
Writing metrics: /home/sk3686/logdir/dreamer/loginnode_walker_walk_stuplus_20260414_200239_della-yasaman/metrics.jsonl

--------------------[Agent Step 193_424]--------------------
Metrics filtered by: 'score|length|fps|ratio|train/loss/|train/rand/'
episode/score 521.29 / episode/length 1001 / train/loss/con 0.02 / train/loss/dyn 6.57 / train/loss/height 2.4e-3 / train/loss/orientations 0.17 / train/loss/policy -0.1 / train/loss/rep 6.57 / train/loss/repval 1.07 / train/loss/rew 0.6 / train/loss/value 0.7 / train/loss/velocity 1.02 / replay/replay_ratio 1040 / fps/policy 15.97 / fps/train 1.6e4

Writing metrics: /home/sk3686/logdir/dreamer/loginnode_walker_walk_stuplus_20260414_200239_della-yasaman/scores.jsonl
Writing metrics: /home/sk3686/logdir/dreamer/loginnode_walker_walk_stuplus_20260414_200239_della-yasaman/metrics.jsonl

--------------------[Agent Step 195_344]--------------------
Metrics filtered by: 'score|length|fps|ratio|train/loss/|train/rand/'
train/loss/con 0.02 / train/loss/dyn 6.57 / train/loss/height 2.3e-3 / train/loss/orientations 0.17 / train/loss/policy -0.09 / train/loss/rep 6.57 / train/loss/repval 1.06 / train/loss/rew 0.61 / train/loss/value 0.69 / train/loss/velocity 1.02 / replay/replay_ratio 1040 / fps/policy 15.97 / fps/train 1.6e4

Writing metrics: /home/sk3686/logdir/dreamer/loginnode_walker_walk_stuplus_20260414_200239_della-yasaman/metrics.jsonl
Writing metrics: /home/sk3686/logdir/dreamer/loginnode_walker_walk_stuplus_20260414_200239_della-yasaman/scores.jsonl

--------------------[Agent Step 197_264]--------------------
Metrics filtered by: 'score|length|fps|ratio|train/loss/|train/rand/'
train/loss/con 0.02 / train/loss/dyn 6.56 / train/loss/height 2.3e-3 / train/loss/orientations 0.17 / train/loss/policy -0.1 / train/loss/rep 6.56 / train/loss/repval 1.05 / train/loss/rew 0.61 / train/loss/value 0.69 / train/loss/velocity 1.01 / replay/replay_ratio 1040 / fps/policy 15.99 / fps/train 1.6e4

Writing metrics: /home/sk3686/logdir/dreamer/loginnode_walker_walk_stuplus_20260414_200239_della-yasaman/metrics.jsonl
Writing metrics: /home/sk3686/logdir/dreamer/loginnode_walker_walk_stuplus_20260414_200239_della-yasaman/scores.jsonl

--------------------[Agent Step 199_184]--------------------
Metrics filtered by: 'score|length|fps|ratio|train/loss/|train/rand/'
train/loss/con 0.02 / train/loss/dyn 6.53 / train/loss/height 2.2e-3 / train/loss/orientations 0.16 / train/loss/policy -0.1 / train/loss/rep 6.53 / train/loss/repval 1.02 / train/loss/rew 0.61 / train/loss/value 0.69 / train/loss/velocity 1.01 / replay/replay_ratio 1040 / fps/policy 15.99 / fps/train 1.6e4

Writing metrics: /home/sk3686/logdir/dreamer/loginnode_walker_walk_stuplus_20260414_200239_della-yasaman/metrics.jsonl
Writing metrics: /home/sk3686/logdir/dreamer/loginnode_walker_walk_stuplus_20260414_200239_della-yasaman/scores.jsonl

--------------------[Agent Step 201_104]--------------------
Metrics filtered by: 'score|length|fps|ratio|train/loss/|train/rand/'
train/loss/con 0.02 / train/loss/dyn 6.52 / train/loss/height 2.2e-3 / train/loss/orientations 0.16 / train/loss/policy -0.13 / train/loss/rep 6.52 / train/loss/repval 0.94 / train/loss/rew 0.61 / train/loss/value 0.78 / train/loss/velocity 1.01 / replay/replay_ratio 1040 / fps/policy 16 / fps/train 1.6e4

Writing metrics: /home/sk3686/logdir/dreamer/loginnode_walker_walk_stuplus_20260414_200239_della-yasaman/scores.jsonl
Writing metrics: /home/sk3686/logdir/dreamer/loginnode_walker_walk_stuplus_20260414_200239_della-yasaman/metrics.jsonl
Saving checkpoint: /home/sk3686/logdir/dreamer/loginnode_walker_walk_stuplus_20260414_200239_della-yasaman/ckpt/20260414T233336F458257
Saved checkpoint.

--------------------[Agent Step 203_024]--------------------
Metrics filtered by: 'score|length|fps|ratio|train/loss/|train/rand/'
train/loss/con 0.02 / train/loss/dyn 6.52 / train/loss/height 2.2e-3 / train/loss/orientations 0.16 / train/loss/policy -0.13 / train/loss/rep 6.52 / train/loss/repval 0.9 / train/loss/rew 0.61 / train/loss/value 1.06 / train/loss/velocity 1 / replay/replay_ratio 1040 / fps/policy 16 / fps/train 1.6e4

Writing metrics: /home/sk3686/logdir/dreamer/loginnode_walker_walk_stuplus_20260414_200239_della-yasaman/metrics.jsonl
Writing metrics: /home/sk3686/logdir/dreamer/loginnode_walker_walk_stuplus_20260414_200239_della-yasaman/scores.jsonl

--------------------[Agent Step 204_944]--------------------
Metrics filtered by: 'score|length|fps|ratio|train/loss/|train/rand/'
train/loss/con 0.02 / train/loss/dyn 6.5 / train/loss/height 2.2e-3 / train/loss/orientations 0.16 / train/loss/policy -0.12 / train/loss/rep 6.5 / train/loss/repval 0.96 / train/loss/rew 0.61 / train/loss/value 1.21 / train/loss/velocity 1 / replay/replay_ratio 1040 / fps/policy 15.99 / fps/train 1.6e4

Writing metrics: /home/sk3686/logdir/dreamer/loginnode_walker_walk_stuplus_20260414_200239_della-yasaman/metrics.jsonl
Writing metrics: /home/sk3686/logdir/dreamer/loginnode_walker_walk_stuplus_20260414_200239_della-yasaman/scores.jsonl

--------------------[Agent Step 206_880]--------------------
Metrics filtered by: 'score|length|fps|ratio|train/loss/|train/rand/'
train/loss/con 0.02 / train/loss/dyn 6.51 / train/loss/height 2.1e-3 / train/loss/orientations 0.16 / train/loss/policy -0.11 / train/loss/rep 6.51 / train/loss/repval 1.02 / train/loss/rew 0.61 / train/loss/value 1.25 / train/loss/velocity 1 / replay/replay_ratio 1040 / fps/policy 16.01 / fps/train 1.6e4

Writing metrics: /home/sk3686/logdir/dreamer/loginnode_walker_walk_stuplus_20260414_200239_della-yasaman/metrics.jsonl
Writing metrics: /home/sk3686/logdir/dreamer/loginnode_walker_walk_stuplus_20260414_200239_della-yasaman/scores.jsonl

--------------------[Agent Step 208_800]--------------------
Metrics filtered by: 'score|length|fps|ratio|train/loss/|train/rand/'
episode/score 587.67 / episode/length 1001 / train/loss/con 0.02 / train/loss/dyn 6.51 / train/loss/height 2.1e-3 / train/loss/orientations 0.16 / train/loss/policy -0.11 / train/loss/rep 6.51 / train/loss/repval 1.06 / train/loss/rew 0.61 / train/loss/value 1.27 / train/loss/velocity 1 / replay/replay_ratio 1040 / fps/policy 15.94 / fps/train 1.6e4

Writing metrics: /home/sk3686/logdir/dreamer/loginnode_walker_walk_stuplus_20260414_200239_della-yasaman/metrics.jsonl
Writing metrics: /home/sk3686/logdir/dreamer/loginnode_walker_walk_stuplus_20260414_200239_della-yasaman/scores.jsonl

--------------------[Agent Step 210_720]--------------------
Metrics filtered by: 'score|length|fps|ratio|train/loss/|train/rand/'
train/loss/con 0.02 / train/loss/dyn 6.48 / train/loss/height 2.1e-3 / train/loss/orientations 0.16 / train/loss/policy -0.11 / train/loss/rep 6.48 / train/loss/repval 1.11 / train/loss/rew 0.61 / train/loss/value 1.26 / train/loss/velocity 1 / replay/replay_ratio 1040 / fps/policy 15.88 / fps/train 1.6e4

Writing metrics: /home/sk3686/logdir/dreamer/loginnode_walker_walk_stuplus_20260414_200239_della-yasaman/metrics.jsonl
Writing metrics: /home/sk3686/logdir/dreamer/loginnode_walker_walk_stuplus_20260414_200239_della-yasaman/scores.jsonl

--------------------[Agent Step 212_640]--------------------
Metrics filtered by: 'score|length|fps|ratio|train/loss/|train/rand/'
train/loss/con 0.02 / train/loss/dyn 6.49 / train/loss/height 2.1e-3 / train/loss/orientations 0.15 / train/loss/policy -0.12 / train/loss/rep 6.49 / train/loss/repval 1.21 / train/loss/rew 0.61 / train/loss/value 1.18 / train/loss/velocity 1 / replay/replay_ratio 1040 / fps/policy 15.98 / fps/train 1.6e4

Writing metrics: /home/sk3686/logdir/dreamer/loginnode_walker_walk_stuplus_20260414_200239_della-yasaman/metrics.jsonl
Writing metrics: /home/sk3686/logdir/dreamer/loginnode_walker_walk_stuplus_20260414_200239_della-yasaman/scores.jsonl

--------------------[Agent Step 214_576]--------------------
Metrics filtered by: 'score|length|fps|ratio|train/loss/|train/rand/'
train/loss/con 0.02 / train/loss/dyn 6.47 / train/loss/height 2e-3 / train/loss/orientations 0.15 / train/loss/policy -0.12 / train/loss/rep 6.47 / train/loss/repval 1.24 / train/loss/rew 0.61 / train/loss/value 1.01 / train/loss/velocity 0.99 / replay/replay_ratio 1040 / fps/policy 16 / fps/train 1.6e4

Writing metrics: /home/sk3686/logdir/dreamer/loginnode_walker_walk_stuplus_20260414_200239_della-yasaman/metrics.jsonl
Writing metrics: /home/sk3686/logdir/dreamer/loginnode_walker_walk_stuplus_20260414_200239_della-yasaman/scores.jsonl

--------------------[Agent Step 216_496]--------------------
Metrics filtered by: 'score|length|fps|ratio|train/loss/|train/rand/'
train/loss/con 0.02 / train/loss/dyn 6.45 / train/loss/height 2e-3 / train/loss/orientations 0.15 / train/loss/policy -0.11 / train/loss/rep 6.45 / train/loss/repval 1.23 / train/loss/rew 0.61 / train/loss/value 0.94 / train/loss/velocity 0.99 / replay/replay_ratio 1040 / fps/policy 15.99 / fps/train 1.6e4

Writing metrics: /home/sk3686/logdir/dreamer/loginnode_walker_walk_stuplus_20260414_200239_della-yasaman/metrics.jsonl
Writing metrics: /home/sk3686/logdir/dreamer/loginnode_walker_walk_stuplus_20260414_200239_della-yasaman/scores.jsonl
Saving checkpoint: /home/sk3686/logdir/dreamer/loginnode_walker_walk_stuplus_20260414_200239_della-yasaman/ckpt/20260414T234837F053490
Saved checkpoint.

--------------------[Agent Step 218_288]--------------------
Metrics filtered by: 'score|length|fps|ratio|train/loss/|train/rand/'
train/loss/con 0.02 / train/loss/dyn 6.43 / train/loss/height 2e-3 / train/loss/orientations 0.15 / train/loss/policy -0.12 / train/loss/rep 6.43 / train/loss/repval 1.21 / train/loss/rew 0.61 / train/loss/value 0.86 / train/loss/velocity 0.98 / replay/replay_ratio 1040 / fps/policy 14.81 / fps/train 1.5e4

Writing metrics: /home/sk3686/logdir/dreamer/loginnode_walker_walk_stuplus_20260414_200239_della-yasaman/metrics.jsonl
Writing metrics: /home/sk3686/logdir/dreamer/loginnode_walker_walk_stuplus_20260414_200239_della-yasaman/scores.jsonl

--------------------[Agent Step 219_936]--------------------
Metrics filtered by: 'score|length|fps|ratio|train/loss/|train/rand/'
train/loss/con 0.02 / train/loss/dyn 6.43 / train/loss/height 2e-3 / train/loss/orientations 0.15 / train/loss/policy -0.16 / train/loss/rep 6.43 / train/loss/repval 1.07 / train/loss/rew 0.61 / train/loss/value 0.77 / train/loss/velocity 0.98 / replay/replay_ratio 1040 / fps/policy 13.67 / fps/train 1.4e4

Writing metrics: /home/sk3686/logdir/dreamer/loginnode_walker_walk_stuplus_20260414_200239_della-yasaman/metrics.jsonl
Writing metrics: /home/sk3686/logdir/dreamer/loginnode_walker_walk_stuplus_20260414_200239_della-yasaman/scores.jsonl

--------------------[Agent Step 221_584]--------------------
Metrics filtered by: 'score|length|fps|ratio|train/loss/|train/rand/'
train/loss/con 0.02 / train/loss/dyn 6.43 / train/loss/height 1.9e-3 / train/loss/orientations 0.14 / train/loss/policy -0.12 / train/loss/rep 6.43 / train/loss/repval 0.89 / train/loss/rew 0.61 / train/loss/value 0.84 / train/loss/velocity 0.98 / replay/replay_ratio 1040 / fps/policy 13.66 / fps/train 1.4e4

Writing metrics: /home/sk3686/logdir/dreamer/loginnode_walker_walk_stuplus_20260414_200239_della-yasaman/scores.jsonl
Writing metrics: /home/sk3686/logdir/dreamer/loginnode_walker_walk_stuplus_20260414_200239_della-yasaman/metrics.jsonl

--------------------[Agent Step 223_472]--------------------
Metrics filtered by: 'score|length|fps|ratio|train/loss/|train/rand/'
train/loss/con 0.02 / train/loss/dyn 6.42 / train/loss/height 1.9e-3 / train/loss/orientations 0.14 / train/loss/policy -0.12 / train/loss/rep 6.42 / train/loss/repval 0.88 / train/loss/rew 0.61 / train/loss/value 0.99 / train/loss/velocity 0.98 / replay/replay_ratio 1040 / fps/policy 15.6 / fps/train 1.6e4

Writing metrics: /home/sk3686/logdir/dreamer/loginnode_walker_walk_stuplus_20260414_200239_della-yasaman/metrics.jsonl
Writing metrics: /home/sk3686/logdir/dreamer/loginnode_walker_walk_stuplus_20260414_200239_della-yasaman/scores.jsonl

--------------------[Agent Step 225_392]--------------------
Metrics filtered by: 'score|length|fps|ratio|train/loss/|train/rand/'
episode/score 654.05 / episode/length 1001 / train/loss/con 0.02 / train/loss/dyn 6.4 / train/loss/height 1.9e-3 / train/loss/orientations 0.14 / train/loss/policy -0.13 / train/loss/rep 6.4 / train/loss/repval 0.94 / train/loss/rew 0.61 / train/loss/value 1.18 / train/loss/velocity 0.97 / replay/replay_ratio 1040 / fps/policy 15.97 / fps/train 1.6e4

Writing metrics: /home/sk3686/logdir/dreamer/loginnode_walker_walk_stuplus_20260414_200239_della-yasaman/scores.jsonl
Writing metrics: /home/sk3686/logdir/dreamer/loginnode_walker_walk_stuplus_20260414_200239_della-yasaman/metrics.jsonl

--------------------[Agent Step 227_088]--------------------
Metrics filtered by: 'score|length|fps|ratio|train/loss/|train/rand/'
train/loss/con 0.02 / train/loss/dyn 6.42 / train/loss/height 1.9e-3 / train/loss/orientations 0.14 / train/loss/policy -0.13 / train/loss/rep 6.42 / train/loss/repval 1.12 / train/loss/rew 0.61 / train/loss/value 1.26 / train/loss/velocity 0.97 / replay/replay_ratio 1040 / fps/policy 14.05 / fps/train 1.4e4

Writing metrics: /home/sk3686/logdir/dreamer/loginnode_walker_walk_stuplus_20260414_200239_della-yasaman/scores.jsonl
Writing metrics: /home/sk3686/logdir/dreamer/loginnode_walker_walk_stuplus_20260414_200239_della-yasaman/metrics.jsonl

--------------------[Agent Step 228_768]--------------------
Metrics filtered by: 'score|length|fps|ratio|train/loss/|train/rand/'
train/loss/con 0.02 / train/loss/dyn 6.38 / train/loss/height 1.8e-3 / train/loss/orientations 0.14 / train/loss/policy -0.12 / train/loss/rep 6.38 / train/loss/repval 1.21 / train/loss/rew 0.6 / train/loss/value 1.19 / train/loss/velocity 0.97 / replay/replay_ratio 1040 / fps/policy 13.95 / fps/train 1.4e4

Writing metrics: /home/sk3686/logdir/dreamer/loginnode_walker_walk_stuplus_20260414_200239_della-yasaman/scores.jsonl
Writing metrics: /home/sk3686/logdir/dreamer/loginnode_walker_walk_stuplus_20260414_200239_della-yasaman/metrics.jsonl
Saving checkpoint: /home/sk3686/logdir/dreamer/loginnode_walker_walk_stuplus_20260414_200239_della-yasaman/ckpt/20260415T000337F748845
Saved checkpoint.

--------------------[Agent Step 230_448]--------------------
Metrics filtered by: 'score|length|fps|ratio|train/loss/|train/rand/'
train/loss/con 0.02 / train/loss/dyn 6.37 / train/loss/height 1.8e-3 / train/loss/orientations 0.14 / train/loss/policy -0.12 / train/loss/rep 6.37 / train/loss/repval 1.25 / train/loss/rew 0.6 / train/loss/value 1.11 / train/loss/velocity 0.97 / replay/replay_ratio 1040 / fps/policy 13.95 / fps/train 1.4e4

Writing metrics: /home/sk3686/logdir/dreamer/loginnode_walker_walk_stuplus_20260414_200239_della-yasaman/scores.jsonl
Writing metrics: /home/sk3686/logdir/dreamer/loginnode_walker_walk_stuplus_20260414_200239_della-yasaman/metrics.jsonl

--------------------[Agent Step 232_272]--------------------
Metrics filtered by: 'score|length|fps|ratio|train/loss/|train/rand/'
train/loss/con 0.02 / train/loss/dyn 6.36 / train/loss/height 1.8e-3 / train/loss/orientations 0.14 / train/loss/policy -0.12 / train/loss/rep 6.36 / train/loss/repval 1.25 / train/loss/rew 0.6 / train/loss/value 1.05 / train/loss/velocity 0.97 / replay/replay_ratio 1040 / fps/policy 15.19 / fps/train 1.6e4

Writing metrics: /home/sk3686/logdir/dreamer/loginnode_walker_walk_stuplus_20260414_200239_della-yasaman/scores.jsonl
Writing metrics: /home/sk3686/logdir/dreamer/loginnode_walker_walk_stuplus_20260414_200239_della-yasaman/metrics.jsonl

--------------------[Agent Step 234_192]--------------------
Metrics filtered by: 'score|length|fps|ratio|train/loss/|train/rand/'
train/loss/con 0.02 / train/loss/dyn 6.36 / train/loss/height 1.8e-3 / train/loss/orientations 0.14 / train/loss/policy -0.12 / train/loss/rep 6.36 / train/loss/repval 1.24 / train/loss/rew 0.6 / train/loss/value 0.98 / train/loss/velocity 0.96 / replay/replay_ratio 1040 / fps/policy 15.93 / fps/train 1.6e4

Writing metrics: /home/sk3686/logdir/dreamer/loginnode_walker_walk_stuplus_20260414_200239_della-yasaman/metrics.jsonl
Writing metrics: /home/sk3686/logdir/dreamer/loginnode_walker_walk_stuplus_20260414_200239_della-yasaman/scores.jsonl

--------------------[Agent Step 236_112]--------------------
Metrics filtered by: 'score|length|fps|ratio|train/loss/|train/rand/'
train/loss/con 0.02 / train/loss/dyn 6.35 / train/loss/height 1.8e-3 / train/loss/orientations 0.13 / train/loss/policy -0.12 / train/loss/rep 6.35 / train/loss/repval 1.23 / train/loss/rew 0.61 / train/loss/value 0.92 / train/loss/velocity 0.96 / replay/replay_ratio 1040 / fps/policy 15.93 / fps/train 1.6e4

Writing metrics: /home/sk3686/logdir/dreamer/loginnode_walker_walk_stuplus_20260414_200239_della-yasaman/metrics.jsonl
Writing metrics: /home/sk3686/logdir/dreamer/loginnode_walker_walk_stuplus_20260414_200239_della-yasaman/scores.jsonl

--------------------[Agent Step 238_032]--------------------
Metrics filtered by: 'score|length|fps|ratio|train/loss/|train/rand/'
train/loss/con 0.02 / train/loss/dyn 6.33 / train/loss/height 1.7e-3 / train/loss/orientations 0.13 / train/loss/policy -0.12 / train/loss/rep 6.33 / train/loss/repval 1.22 / train/loss/rew 0.6 / train/loss/value 0.88 / train/loss/velocity 0.95 / replay/replay_ratio 1040 / fps/policy 15.99 / fps/train 1.6e4

Writing metrics: /home/sk3686/logdir/dreamer/loginnode_walker_walk_stuplus_20260414_200239_della-yasaman/metrics.jsonl
Writing metrics: /home/sk3686/logdir/dreamer/loginnode_walker_walk_stuplus_20260414_200239_della-yasaman/scores.jsonl

--------------------[Agent Step 239_952]--------------------
Metrics filtered by: 'score|length|fps|ratio|train/loss/|train/rand/'
train/loss/con 0.02 / train/loss/dyn 6.33 / train/loss/height 1.7e-3 / train/loss/orientations 0.13 / train/loss/policy -0.12 / train/loss/rep 6.33 / train/loss/repval 1.22 / train/loss/rew 0.6 / train/loss/value 0.88 / train/loss/velocity 0.96 / replay/replay_ratio 1040 / fps/policy 15.92 / fps/train 1.6e4

Writing metrics: /home/sk3686/logdir/dreamer/loginnode_walker_walk_stuplus_20260414_200239_della-yasaman/scores.jsonl
Writing metrics: /home/sk3686/logdir/dreamer/loginnode_walker_walk_stuplus_20260414_200239_della-yasaman/metrics.jsonl

--------------------[Agent Step 241_872]--------------------
Metrics filtered by: 'score|length|fps|ratio|train/loss/|train/rand/'
episode/score 753.88 / episode/length 1001 / train/loss/con 0.02 / train/loss/dyn 6.33 / train/loss/height 1.7e-3 / train/loss/orientations 0.13 / train/loss/policy -0.11 / train/loss/rep 6.33 / train/loss/repval 1.21 / train/loss/rew 0.6 / train/loss/value 0.85 / train/loss/velocity 0.95 / replay/replay_ratio 1040 / fps/policy 15.87 / fps/train 1.6e4

Writing metrics: /home/sk3686/logdir/dreamer/loginnode_walker_walk_stuplus_20260414_200239_della-yasaman/scores.jsonl
Writing metrics: /home/sk3686/logdir/dreamer/loginnode_walker_walk_stuplus_20260414_200239_della-yasaman/metrics.jsonl

--------------------[Agent Step 243_792]--------------------
Metrics filtered by: 'score|length|fps|ratio|train/loss/|train/rand/'
train/loss/con 0.02 / train/loss/dyn 6.31 / train/loss/height 1.7e-3 / train/loss/orientations 0.13 / train/loss/policy -0.11 / train/loss/rep 6.31 / train/loss/repval 1.2 / train/loss/rew 0.6 / train/loss/value 0.82 / train/loss/velocity 0.95 / replay/replay_ratio 1040 / fps/policy 15.9 / fps/train 1.6e4

Writing metrics: /home/sk3686/logdir/dreamer/loginnode_walker_walk_stuplus_20260414_200239_della-yasaman/metrics.jsonl
Writing metrics: /home/sk3686/logdir/dreamer/loginnode_walker_walk_stuplus_20260414_200239_della-yasaman/scores.jsonl
Saving checkpoint: /home/sk3686/logdir/dreamer/loginnode_walker_walk_stuplus_20260414_200239_della-yasaman/ckpt/20260415T001838F699596
Saved checkpoint.

--------------------[Agent Step 245_712]--------------------
Metrics filtered by: 'score|length|fps|ratio|train/loss/|train/rand/'
train/loss/con 0.02 / train/loss/dyn 6.32 / train/loss/height 1.7e-3 / train/loss/orientations 0.13 / train/loss/policy -0.12 / train/loss/rep 6.32 / train/loss/repval 1.16 / train/loss/rew 0.6 / train/loss/value 0.79 / train/loss/velocity 0.95 / replay/replay_ratio 1040 / fps/policy 15.91 / fps/train 1.6e4

Writing metrics: /home/sk3686/logdir/dreamer/loginnode_walker_walk_stuplus_20260414_200239_della-yasaman/metrics.jsonl
Writing metrics: /home/sk3686/logdir/dreamer/loginnode_walker_walk_stuplus_20260414_200239_della-yasaman/scores.jsonl

--------------------[Agent Step 247_632]--------------------
Metrics filtered by: 'score|length|fps|ratio|train/loss/|train/rand/'
train/loss/con 0.02 / train/loss/dyn 6.3 / train/loss/height 1.7e-3 / train/loss/orientations 0.13 / train/loss/policy -0.13 / train/loss/rep 6.3 / train/loss/repval 1 / train/loss/rew 0.6 / train/loss/value 0.75 / train/loss/velocity 0.94 / replay/replay_ratio 1040 / fps/policy 15.93 / fps/train 1.6e4

Writing metrics: /home/sk3686/logdir/dreamer/loginnode_walker_walk_stuplus_20260414_200239_della-yasaman/metrics.jsonl
Writing metrics: /home/sk3686/logdir/dreamer/loginnode_walker_walk_stuplus_20260414_200239_della-yasaman/scores.jsonl

--------------------[Agent Step 249_552]--------------------
Metrics filtered by: 'score|length|fps|ratio|train/loss/|train/rand/'
train/loss/con 0.02 / train/loss/dyn 6.28 / train/loss/height 1.6e-3 / train/loss/orientations 0.12 / train/loss/policy -0.11 / train/loss/rep 6.28 / train/loss/repval 0.91 / train/loss/rew 0.6 / train/loss/value 0.78 / train/loss/velocity 0.94 / replay/replay_ratio 1040 / fps/policy 15.95 / fps/train 1.6e4

Writing metrics: /home/sk3686/logdir/dreamer/loginnode_walker_walk_stuplus_20260414_200239_della-yasaman/scores.jsonl
Writing metrics: /home/sk3686/logdir/dreamer/loginnode_walker_walk_stuplus_20260414_200239_della-yasaman/metrics.jsonl

--------------------[Agent Step 251_472]--------------------
Metrics filtered by: 'score|length|fps|ratio|train/loss/|train/rand/'
train/loss/con 0.02 / train/loss/dyn 6.25 / train/loss/height 1.6e-3 / train/loss/orientations 0.12 / train/loss/policy -0.11 / train/loss/rep 6.25 / train/loss/repval 0.89 / train/loss/rew 0.6 / train/loss/value 0.84 / train/loss/velocity 0.93 / replay/replay_ratio 1040 / fps/policy 15.97 / fps/train 1.6e4

Writing metrics: /home/sk3686/logdir/dreamer/loginnode_walker_walk_stuplus_20260414_200239_della-yasaman/scores.jsonl
Writing metrics: /home/sk3686/logdir/dreamer/loginnode_walker_walk_stuplus_20260414_200239_della-yasaman/metrics.jsonl

--------------------[Agent Step 253_392]--------------------
Metrics filtered by: 'score|length|fps|ratio|train/loss/|train/rand/'
train/loss/con 0.02 / train/loss/dyn 6.25 / train/loss/height 1.6e-3 / train/loss/orientations 0.12 / train/loss/policy -0.12 / train/loss/rep 6.25 / train/loss/repval 0.89 / train/loss/rew 0.6 / train/loss/value 0.87 / train/loss/velocity 0.93 / replay/replay_ratio 1040 / fps/policy 15.97 / fps/train 1.6e4

Writing metrics: /home/sk3686/logdir/dreamer/loginnode_walker_walk_stuplus_20260414_200239_della-yasaman/metrics.jsonl
Writing metrics: /home/sk3686/logdir/dreamer/loginnode_walker_walk_stuplus_20260414_200239_della-yasaman/scores.jsonl

--------------------[Agent Step 255_312]--------------------
Metrics filtered by: 'score|length|fps|ratio|train/loss/|train/rand/'
train/loss/con 0.02 / train/loss/dyn 6.24 / train/loss/height 1.6e-3 / train/loss/orientations 0.12 / train/loss/policy -0.11 / train/loss/rep 6.24 / train/loss/repval 0.87 / train/loss/rew 0.6 / train/loss/value 0.93 / train/loss/velocity 0.93 / replay/replay_ratio 1040 / fps/policy 15.98 / fps/train 1.6e4

Writing metrics: /home/sk3686/logdir/dreamer/loginnode_walker_walk_stuplus_20260414_200239_della-yasaman/metrics.jsonl
Writing metrics: /home/sk3686/logdir/dreamer/loginnode_walker_walk_stuplus_20260414_200239_della-yasaman/scores.jsonl

--------------------[Agent Step 257_232]--------------------
Metrics filtered by: 'score|length|fps|ratio|train/loss/|train/rand/'
episode/score 739.5 / episode/length 1001 / train/loss/con 0.02 / train/loss/dyn 6.22 / train/loss/height 1.6e-3 / train/loss/orientations 0.12 / train/loss/policy -0.11 / train/loss/rep 6.22 / train/loss/repval 0.87 / train/loss/rew 0.6 / train/loss/value 0.99 / train/loss/velocity 0.92 / replay/replay_ratio 1040 / fps/policy 15.95 / fps/train 1.6e4

Writing metrics: /home/sk3686/logdir/dreamer/loginnode_walker_walk_stuplus_20260414_200239_della-yasaman/metrics.jsonl
Writing metrics: /home/sk3686/logdir/dreamer/loginnode_walker_walk_stuplus_20260414_200239_della-yasaman/scores.jsonl
Saving checkpoint: /home/sk3686/logdir/dreamer/loginnode_walker_walk_stuplus_20260414_200239_della-yasaman/ckpt/20260415T003339F493936
Saved checkpoint.

--------------------[Agent Step 259_152]--------------------
Metrics filtered by: 'score|length|fps|ratio|train/loss/|train/rand/'
train/loss/con 0.02 / train/loss/dyn 6.23 / train/loss/height 1.6e-3 / train/loss/orientations 0.12 / train/loss/policy -0.11 / train/loss/rep 6.23 / train/loss/repval 0.87 / train/loss/rew 0.6 / train/loss/value 1.04 / train/loss/velocity 0.92 / replay/replay_ratio 1040 / fps/policy 15.94 / fps/train 1.6e4

Writing metrics: /home/sk3686/logdir/dreamer/loginnode_walker_walk_stuplus_20260414_200239_della-yasaman/scores.jsonl
Writing metrics: /home/sk3686/logdir/dreamer/loginnode_walker_walk_stuplus_20260414_200239_della-yasaman/metrics.jsonl

--------------------[Agent Step 261_072]--------------------
Metrics filtered by: 'score|length|fps|ratio|train/loss/|train/rand/'
train/loss/con 0.02 / train/loss/dyn 6.2 / train/loss/height 1.6e-3 / train/loss/orientations 0.12 / train/loss/policy -0.11 / train/loss/rep 6.2 / train/loss/repval 0.88 / train/loss/rew 0.6 / train/loss/value 1.09 / train/loss/velocity 0.92 / replay/replay_ratio 1040 / fps/policy 15.97 / fps/train 1.6e4

Writing metrics: /home/sk3686/logdir/dreamer/loginnode_walker_walk_stuplus_20260414_200239_della-yasaman/scores.jsonl
Writing metrics: /home/sk3686/logdir/dreamer/loginnode_walker_walk_stuplus_20260414_200239_della-yasaman/metrics.jsonl

--------------------[Agent Step 262_992]--------------------
Metrics filtered by: 'score|length|fps|ratio|train/loss/|train/rand/'
train/loss/con 0.02 / train/loss/dyn 6.19 / train/loss/height 1.5e-3 / train/loss/orientations 0.12 / train/loss/policy -0.11 / train/loss/rep 6.19 / train/loss/repval 0.9 / train/loss/rew 0.6 / train/loss/value 1.13 / train/loss/velocity 0.92 / replay/replay_ratio 1040 / fps/policy 15.98 / fps/train 1.6e4

Writing metrics: /home/sk3686/logdir/dreamer/loginnode_walker_walk_stuplus_20260414_200239_della-yasaman/scores.jsonl
Writing metrics: /home/sk3686/logdir/dreamer/loginnode_walker_walk_stuplus_20260414_200239_della-yasaman/metrics.jsonl

--------------------[Agent Step 264_912]--------------------
Metrics filtered by: 'score|length|fps|ratio|train/loss/|train/rand/'
train/loss/con 0.02 / train/loss/dyn 6.16 / train/loss/height 1.5e-3 / train/loss/orientations 0.11 / train/loss/policy -0.11 / train/loss/rep 6.16 / train/loss/repval 0.92 / train/loss/rew 0.6 / train/loss/value 1.17 / train/loss/velocity 0.91 / replay/replay_ratio 1040 / fps/policy 15.99 / fps/train 1.6e4

Writing metrics: /home/sk3686/logdir/dreamer/loginnode_walker_walk_stuplus_20260414_200239_della-yasaman/scores.jsonl
Writing metrics: /home/sk3686/logdir/dreamer/loginnode_walker_walk_stuplus_20260414_200239_della-yasaman/metrics.jsonl

--------------------[Agent Step 266_832]--------------------
Metrics filtered by: 'score|length|fps|ratio|train/loss/|train/rand/'
train/loss/con 0.02 / train/loss/dyn 6.16 / train/loss/height 1.5e-3 / train/loss/orientations 0.11 / train/loss/policy -0.11 / train/loss/rep 6.16 / train/loss/repval 0.94 / train/loss/rew 0.6 / train/loss/value 1.21 / train/loss/velocity 0.91 / replay/replay_ratio 1040 / fps/policy 15.99 / fps/train 1.6e4

Writing metrics: /home/sk3686/logdir/dreamer/loginnode_walker_walk_stuplus_20260414_200239_della-yasaman/metrics.jsonl
Writing metrics: /home/sk3686/logdir/dreamer/loginnode_walker_walk_stuplus_20260414_200239_della-yasaman/scores.jsonl

--------------------[Agent Step 268_752]--------------------
Metrics filtered by: 'score|length|fps|ratio|train/loss/|train/rand/'
train/loss/con 0.02 / train/loss/dyn 6.13 / train/loss/height 1.5e-3 / train/loss/orientations 0.11 / train/loss/policy -0.1 / train/loss/rep 6.13 / train/loss/repval 0.96 / train/loss/rew 0.6 / train/loss/value 1.23 / train/loss/velocity 0.9 / replay/replay_ratio 1040 / fps/policy 15.98 / fps/train 1.6e4

Writing metrics: /home/sk3686/logdir/dreamer/loginnode_walker_walk_stuplus_20260414_200239_della-yasaman/scores.jsonl
Writing metrics: /home/sk3686/logdir/dreamer/loginnode_walker_walk_stuplus_20260414_200239_della-yasaman/metrics.jsonl

--------------------[Agent Step 270_672]--------------------
Metrics filtered by: 'score|length|fps|ratio|train/loss/|train/rand/'
train/loss/con 0.02 / train/loss/dyn 6.13 / train/loss/height 1.5e-3 / train/loss/orientations 0.11 / train/loss/policy -0.1 / train/loss/rep 6.13 / train/loss/repval 0.97 / train/loss/rew 0.6 / train/loss/value 1.24 / train/loss/velocity 0.9 / replay/replay_ratio 1040 / fps/policy 15.97 / fps/train 1.6e4

Writing metrics: /home/sk3686/logdir/dreamer/loginnode_walker_walk_stuplus_20260414_200239_della-yasaman/metrics.jsonl
Writing metrics: /home/sk3686/logdir/dreamer/loginnode_walker_walk_stuplus_20260414_200239_della-yasaman/scores.jsonl

--------------------[Agent Step 272_592]--------------------
Metrics filtered by: 'score|length|fps|ratio|train/loss/|train/rand/'
episode/score 897.64 / episode/length 1001 / train/loss/con 0.02 / train/loss/dyn 6.11 / train/loss/height 1.5e-3 / train/loss/orientations 0.11 / train/loss/policy -0.1 / train/loss/rep 6.11 / train/loss/repval 0.98 / train/loss/rew 0.59 / train/loss/value 1.25 / train/loss/velocity 0.89 / replay/replay_ratio 1040 / fps/policy 15.98 / fps/train 1.6e4

Writing metrics: /home/sk3686/logdir/dreamer/loginnode_walker_walk_stuplus_20260414_200239_della-yasaman/metrics.jsonl
Writing metrics: /home/sk3686/logdir/dreamer/loginnode_walker_walk_stuplus_20260414_200239_della-yasaman/scores.jsonl
Saving checkpoint: /home/sk3686/logdir/dreamer/loginnode_walker_walk_stuplus_20260414_200239_della-yasaman/ckpt/20260415T004839F789403
Saved checkpoint.

--------------------[Agent Step 274_512]--------------------
Metrics filtered by: 'score|length|fps|ratio|train/loss/|train/rand/'
train/loss/con 0.02 / train/loss/dyn 6.11 / train/loss/height 1.5e-3 / train/loss/orientations 0.11 / train/loss/policy -0.1 / train/loss/rep 6.11 / train/loss/repval 0.98 / train/loss/rew 0.6 / train/loss/value 1.24 / train/loss/velocity 0.89 / replay/replay_ratio 1040 / fps/policy 15.93 / fps/train 1.6e4

Writing metrics: /home/sk3686/logdir/dreamer/loginnode_walker_walk_stuplus_20260414_200239_della-yasaman/scores.jsonl
Writing metrics: /home/sk3686/logdir/dreamer/loginnode_walker_walk_stuplus_20260414_200239_della-yasaman/metrics.jsonl

--------------------[Agent Step 276_432]--------------------
Metrics filtered by: 'score|length|fps|ratio|train/loss/|train/rand/'
train/loss/con 0.02 / train/loss/dyn 6.09 / train/loss/height 1.4e-3 / train/loss/orientations 0.11 / train/loss/policy -0.1 / train/loss/rep 6.09 / train/loss/repval 0.99 / train/loss/rew 0.59 / train/loss/value 1.24 / train/loss/velocity 0.89 / replay/replay_ratio 1040 / fps/policy 15.97 / fps/train 1.6e4

Writing metrics: /home/sk3686/logdir/dreamer/loginnode_walker_walk_stuplus_20260414_200239_della-yasaman/scores.jsonl
Writing metrics: /home/sk3686/logdir/dreamer/loginnode_walker_walk_stuplus_20260414_200239_della-yasaman/metrics.jsonl

--------------------[Agent Step 278_352]--------------------
Metrics filtered by: 'score|length|fps|ratio|train/loss/|train/rand/'
train/loss/con 0.02 / train/loss/dyn 6.06 / train/loss/height 1.4e-3 / train/loss/orientations 0.11 / train/loss/policy -0.1 / train/loss/rep 6.06 / train/loss/repval 1 / train/loss/rew 0.59 / train/loss/value 1.25 / train/loss/velocity 0.88 / replay/replay_ratio 1040 / fps/policy 15.97 / fps/train 1.6e4

Writing metrics: /home/sk3686/logdir/dreamer/loginnode_walker_walk_stuplus_20260414_200239_della-yasaman/scores.jsonl
Writing metrics: /home/sk3686/logdir/dreamer/loginnode_walker_walk_stuplus_20260414_200239_della-yasaman/metrics.jsonl

--------------------[Agent Step 280_272]--------------------
Metrics filtered by: 'score|length|fps|ratio|train/loss/|train/rand/'
train/loss/con 0.02 / train/loss/dyn 6.05 / train/loss/height 1.4e-3 / train/loss/orientations 0.1 / train/loss/policy -0.1 / train/loss/rep 6.05 / train/loss/repval 1.01 / train/loss/rew 0.59 / train/loss/value 1.25 / train/loss/velocity 0.88 / replay/replay_ratio 1040 / fps/policy 15.97 / fps/train 1.6e4

Writing metrics: /home/sk3686/logdir/dreamer/loginnode_walker_walk_stuplus_20260414_200239_della-yasaman/metrics.jsonl
Writing metrics: /home/sk3686/logdir/dreamer/loginnode_walker_walk_stuplus_20260414_200239_della-yasaman/scores.jsonl

--------------------[Agent Step 282_208]--------------------
Metrics filtered by: 'score|length|fps|ratio|train/loss/|train/rand/'
train/loss/con 0.02 / train/loss/dyn 6.04 / train/loss/height 1.4e-3 / train/loss/orientations 0.1 / train/loss/policy -0.1 / train/loss/rep 6.04 / train/loss/repval 1.02 / train/loss/rew 0.59 / train/loss/value 1.26 / train/loss/velocity 0.87 / replay/replay_ratio 1040 / fps/policy 16 / fps/train 1.6e4

Writing metrics: /home/sk3686/logdir/dreamer/loginnode_walker_walk_stuplus_20260414_200239_della-yasaman/scores.jsonl
Writing metrics: /home/sk3686/logdir/dreamer/loginnode_walker_walk_stuplus_20260414_200239_della-yasaman/metrics.jsonl

--------------------[Agent Step 284_128]--------------------
Metrics filtered by: 'score|length|fps|ratio|train/loss/|train/rand/'
train/loss/con 0.02 / train/loss/dyn 6.04 / train/loss/height 1.4e-3 / train/loss/orientations 0.1 / train/loss/policy -0.1 / train/loss/rep 6.04 / train/loss/repval 1.03 / train/loss/rew 0.59 / train/loss/value 1.27 / train/loss/velocity 0.87 / replay/replay_ratio 1040 / fps/policy 15.99 / fps/train 1.6e4

Writing metrics: /home/sk3686/logdir/dreamer/loginnode_walker_walk_stuplus_20260414_200239_della-yasaman/metrics.jsonl
Writing metrics: /home/sk3686/logdir/dreamer/loginnode_walker_walk_stuplus_20260414_200239_della-yasaman/scores.jsonl

--------------------[Agent Step 286_064]--------------------
Metrics filtered by: 'score|length|fps|ratio|train/loss/|train/rand/'
train/loss/con 0.02 / train/loss/dyn 6.02 / train/loss/height 1.4e-3 / train/loss/orientations 0.1 / train/loss/policy -0.1 / train/loss/rep 6.02 / train/loss/repval 1.05 / train/loss/rew 0.59 / train/loss/value 1.28 / train/loss/velocity 0.87 / replay/replay_ratio 1040 / fps/policy 16.01 / fps/train 1.6e4

Writing metrics: /home/sk3686/logdir/dreamer/loginnode_walker_walk_stuplus_20260414_200239_della-yasaman/scores.jsonl
Writing metrics: /home/sk3686/logdir/dreamer/loginnode_walker_walk_stuplus_20260414_200239_della-yasaman/metrics.jsonl
Saving checkpoint: /home/sk3686/logdir/dreamer/loginnode_walker_walk_stuplus_20260414_200239_della-yasaman/ckpt/20260415T010339F879448
Saved checkpoint.

--------------------[Agent Step 287_984]--------------------
Metrics filtered by: 'score|length|fps|ratio|train/loss/|train/rand/'
train/loss/con 0.02 / train/loss/dyn 6 / train/loss/height 1.4e-3 / train/loss/orientations 0.1 / train/loss/policy -0.09 / train/loss/rep 6 / train/loss/repval 1.06 / train/loss/rew 0.59 / train/loss/value 1.28 / train/loss/velocity 0.86 / replay/replay_ratio 1040 / fps/policy 15.99 / fps/train 1.6e4

Writing metrics: /home/sk3686/logdir/dreamer/loginnode_walker_walk_stuplus_20260414_200239_della-yasaman/metrics.jsonl
Writing metrics: /home/sk3686/logdir/dreamer/loginnode_walker_walk_stuplus_20260414_200239_della-yasaman/scores.jsonl

--------------------[Agent Step 289_904]--------------------
Metrics filtered by: 'score|length|fps|ratio|train/loss/|train/rand/'
episode/score 903.77 / episode/length 1001 / train/loss/con 0.02 / train/loss/dyn 5.99 / train/loss/height 1.3e-3 / train/loss/orientations 0.1 / train/loss/policy -0.09 / train/loss/rep 5.99 / train/loss/repval 1.08 / train/loss/rew 0.59 / train/loss/value 1.28 / train/loss/velocity 0.86 / replay/replay_ratio 1040 / fps/policy 15.96 / fps/train 1.6e4

Writing metrics: /home/sk3686/logdir/dreamer/loginnode_walker_walk_stuplus_20260414_200239_della-yasaman/metrics.jsonl
Writing metrics: /home/sk3686/logdir/dreamer/loginnode_walker_walk_stuplus_20260414_200239_della-yasaman/scores.jsonl

--------------------[Agent Step 291_824]--------------------
Metrics filtered by: 'score|length|fps|ratio|train/loss/|train/rand/'
train/loss/con 0.02 / train/loss/dyn 5.98 / train/loss/height 1.4e-3 / train/loss/orientations 0.1 / train/loss/policy -0.09 / train/loss/rep 5.98 / train/loss/repval 1.1 / train/loss/rew 0.59 / train/loss/value 1.28 / train/loss/velocity 0.86 / replay/replay_ratio 1040 / fps/policy 15.97 / fps/train 1.6e4

Writing metrics: /home/sk3686/logdir/dreamer/loginnode_walker_walk_stuplus_20260414_200239_della-yasaman/scores.jsonl
Writing metrics: /home/sk3686/logdir/dreamer/loginnode_walker_walk_stuplus_20260414_200239_della-yasaman/metrics.jsonl

--------------------[Agent Step 293_744]--------------------
Metrics filtered by: 'score|length|fps|ratio|train/loss/|train/rand/'
train/loss/con 0.02 / train/loss/dyn 5.98 / train/loss/height 1.4e-3 / train/loss/orientations 0.1 / train/loss/policy -0.09 / train/loss/rep 5.98 / train/loss/repval 1.1 / train/loss/rew 0.59 / train/loss/value 1.27 / train/loss/velocity 0.86 / replay/replay_ratio 1040 / fps/policy 15.99 / fps/train 1.6e4

Writing metrics: /home/sk3686/logdir/dreamer/loginnode_walker_walk_stuplus_20260414_200239_della-yasaman/metrics.jsonl
Writing metrics: /home/sk3686/logdir/dreamer/loginnode_walker_walk_stuplus_20260414_200239_della-yasaman/scores.jsonl

--------------------[Agent Step 295_664]--------------------
Metrics filtered by: 'score|length|fps|ratio|train/loss/|train/rand/'
train/loss/con 0.02 / train/loss/dyn 5.95 / train/loss/height 1.3e-3 / train/loss/orientations 0.1 / train/loss/policy -0.09 / train/loss/rep 5.95 / train/loss/repval 1.1 / train/loss/rew 0.59 / train/loss/value 1.27 / train/loss/velocity 0.85 / replay/replay_ratio 1040 / fps/policy 15.91 / fps/train 1.6e4

Writing metrics: /home/sk3686/logdir/dreamer/loginnode_walker_walk_stuplus_20260414_200239_della-yasaman/metrics.jsonl
Writing metrics: /home/sk3686/logdir/dreamer/loginnode_walker_walk_stuplus_20260414_200239_della-yasaman/scores.jsonl

--------------------[Agent Step 297_584]--------------------
Metrics filtered by: 'score|length|fps|ratio|train/loss/|train/rand/'
train/loss/con 0.02 / train/loss/dyn 5.95 / train/loss/height 1.3e-3 / train/loss/orientations 0.1 / train/loss/policy -0.09 / train/loss/rep 5.95 / train/loss/repval 1.11 / train/loss/rew 0.59 / train/loss/value 1.27 / train/loss/velocity 0.85 / replay/replay_ratio 1040 / fps/policy 16 / fps/train 1.6e4

Writing metrics: /home/sk3686/logdir/dreamer/loginnode_walker_walk_stuplus_20260414_200239_della-yasaman/metrics.jsonl
Writing metrics: /home/sk3686/logdir/dreamer/loginnode_walker_walk_stuplus_20260414_200239_della-yasaman/scores.jsonl

--------------------[Agent Step 299_344]--------------------
Metrics filtered by: 'score|length|fps|ratio|train/loss/|train/rand/'
train/loss/con 0.02 / train/loss/dyn 5.94 / train/loss/height 1.3e-3 / train/loss/orientations 0.09 / train/loss/policy -0.09 / train/loss/rep 5.94 / train/loss/repval 1.12 / train/loss/rew 0.59 / train/loss/value 1.27 / train/loss/velocity 0.84 / replay/replay_ratio 1040 / fps/policy 14.53 / fps/train 1.5e4

Writing metrics: /home/sk3686/logdir/dreamer/loginnode_walker_walk_stuplus_20260414_200239_della-yasaman/metrics.jsonl
Writing metrics: /home/sk3686/logdir/dreamer/loginnode_walker_walk_stuplus_20260414_200239_della-yasaman/scores.jsonl

--------------------[Agent Step 300_992]--------------------
Metrics filtered by: 'score|length|fps|ratio|train/loss/|train/rand/'
train/loss/con 0.02 / train/loss/dyn 5.92 / train/loss/height 1.3e-3 / train/loss/orientations 0.09 / train/loss/policy -0.09 / train/loss/rep 5.92 / train/loss/repval 1.12 / train/loss/rew 0.59 / train/loss/value 1.27 / train/loss/velocity 0.84 / replay/replay_ratio 1040 / fps/policy 13.73 / fps/train 1.4e4

Writing metrics: /home/sk3686/logdir/dreamer/loginnode_walker_walk_stuplus_20260414_200239_della-yasaman/metrics.jsonl
Saving checkpoint: /home/sk3686/logdir/dreamer/loginnode_walker_walk_stuplus_20260414_200239_della-yasaman/ckpt/20260415T011840F403993
Writing metrics: /home/sk3686/logdir/dreamer/loginnode_walker_walk_stuplus_20260414_200239_della-yasaman/scores.jsonl
Saved checkpoint.

--------------------[Agent Step 302_640]--------------------
Metrics filtered by: 'score|length|fps|ratio|train/loss/|train/rand/'
train/loss/con 0.02 / train/loss/dyn 5.91 / train/loss/height 1.3e-3 / train/loss/orientations 0.09 / train/loss/policy -0.09 / train/loss/rep 5.91 / train/loss/repval 1.12 / train/loss/rew 0.59 / train/loss/value 1.27 / train/loss/velocity 0.84 / replay/replay_ratio 1040 / fps/policy 13.71 / fps/train 1.4e4

Writing metrics: /home/sk3686/logdir/dreamer/loginnode_walker_walk_stuplus_20260414_200239_della-yasaman/scores.jsonl
Writing metrics: /home/sk3686/logdir/dreamer/loginnode_walker_walk_stuplus_20260414_200239_della-yasaman/metrics.jsonl

--------------------[Agent Step 304_272]--------------------
Metrics filtered by: 'score|length|fps|ratio|train/loss/|train/rand/'
train/loss/con 0.02 / train/loss/dyn 5.89 / train/loss/height 1.3e-3 / train/loss/orientations 0.09 / train/loss/policy -0.08 / train/loss/rep 5.89 / train/loss/repval 1.13 / train/loss/rew 0.59 / train/loss/value 1.27 / train/loss/velocity 0.83 / replay/replay_ratio 1040 / fps/policy 13.58 / fps/train 1.4e4

Writing metrics: /home/sk3686/logdir/dreamer/loginnode_walker_walk_stuplus_20260414_200239_della-yasaman/metrics.jsonl
Writing metrics: /home/sk3686/logdir/dreamer/loginnode_walker_walk_stuplus_20260414_200239_della-yasaman/scores.jsonl

--------------------[Agent Step 305_920]--------------------
Metrics filtered by: 'score|length|fps|ratio|train/loss/|train/rand/'
episode/score 916.84 / episode/length 1001 / train/loss/con 0.02 / train/loss/dyn 5.9 / train/loss/height 1.3e-3 / train/loss/orientations 0.09 / train/loss/policy -0.08 / train/loss/rep 5.9 / train/loss/repval 1.13 / train/loss/rew 0.59 / train/loss/value 1.27 / train/loss/velocity 0.83 / replay/replay_ratio 1040 / fps/policy 13.7 / fps/train 1.4e4

Writing metrics: /home/sk3686/logdir/dreamer/loginnode_walker_walk_stuplus_20260414_200239_della-yasaman/metrics.jsonl
Writing metrics: /home/sk3686/logdir/dreamer/loginnode_walker_walk_stuplus_20260414_200239_della-yasaman/scores.jsonl

--------------------[Agent Step 307_568]--------------------
Metrics filtered by: 'score|length|fps|ratio|train/loss/|train/rand/'
train/loss/con 0.02 / train/loss/dyn 5.88 / train/loss/height 1.2e-3 / train/loss/orientations 0.09 / train/loss/policy -0.08 / train/loss/rep 5.88 / train/loss/repval 1.12 / train/loss/rew 0.59 / train/loss/value 1.27 / train/loss/velocity 0.83 / replay/replay_ratio 1040 / fps/policy 13.72 / fps/train 1.4e4

Writing metrics: /home/sk3686/logdir/dreamer/loginnode_walker_walk_stuplus_20260414_200239_della-yasaman/metrics.jsonl
Writing metrics: /home/sk3686/logdir/dreamer/loginnode_walker_walk_stuplus_20260414_200239_della-yasaman/scores.jsonl

--------------------[Agent Step 309_232]--------------------
Metrics filtered by: 'score|length|fps|ratio|train/loss/|train/rand/'
train/loss/con 0.02 / train/loss/dyn 5.87 / train/loss/height 1.2e-3 / train/loss/orientations 0.09 / train/loss/policy -0.08 / train/loss/rep 5.87 / train/loss/repval 1.12 / train/loss/rew 0.59 / train/loss/value 1.27 / train/loss/velocity 0.83 / replay/replay_ratio 1040 / fps/policy 13.74 / fps/train 1.4e4

Writing metrics: /home/sk3686/logdir/dreamer/loginnode_walker_walk_stuplus_20260414_200239_della-yasaman/scores.jsonl
Writing metrics: /home/sk3686/logdir/dreamer/loginnode_walker_walk_stuplus_20260414_200239_della-yasaman/metrics.jsonl

--------------------[Agent Step 311_072]--------------------
Metrics filtered by: 'score|length|fps|ratio|train/loss/|train/rand/'
train/loss/con 0.02 / train/loss/dyn 5.85 / train/loss/height 1.2e-3 / train/loss/orientations 0.09 / train/loss/policy -0.08 / train/loss/rep 5.85 / train/loss/repval 1.12 / train/loss/rew 0.59 / train/loss/value 1.27 / train/loss/velocity 0.82 / replay/replay_ratio 1040 / fps/policy 15.26 / fps/train 1.6e4

Writing metrics: /home/sk3686/logdir/dreamer/loginnode_walker_walk_stuplus_20260414_200239_della-yasaman/metrics.jsonl
Writing metrics: /home/sk3686/logdir/dreamer/loginnode_walker_walk_stuplus_20260414_200239_della-yasaman/scores.jsonl

--------------------[Agent Step 313_008]--------------------
Metrics filtered by: 'score|length|fps|ratio|train/loss/|train/rand/'
train/loss/con 0.02 / train/loss/dyn 5.82 / train/loss/height 1.2e-3 / train/loss/orientations 0.09 / train/loss/policy -0.08 / train/loss/rep 5.82 / train/loss/repval 1.12 / train/loss/rew 0.59 / train/loss/value 1.27 / train/loss/velocity 0.82 / replay/replay_ratio 1040 / fps/policy 16.03 / fps/train 1.6e4

Writing metrics: /home/sk3686/logdir/dreamer/loginnode_walker_walk_stuplus_20260414_200239_della-yasaman/metrics.jsonl
Writing metrics: /home/sk3686/logdir/dreamer/loginnode_walker_walk_stuplus_20260414_200239_della-yasaman/scores.jsonl
Saving checkpoint: /home/sk3686/logdir/dreamer/loginnode_walker_walk_stuplus_20260414_200239_della-yasaman/ckpt/20260415T013340F413145
Saved checkpoint.

--------------------[Agent Step 314_944]--------------------
Metrics filtered by: 'score|length|fps|ratio|train/loss/|train/rand/'
train/loss/con 0.02 / train/loss/dyn 5.81 / train/loss/height 1.2e-3 / train/loss/orientations 0.09 / train/loss/policy -0.08 / train/loss/rep 5.81 / train/loss/repval 1.12 / train/loss/rew 0.59 / train/loss/value 1.27 / train/loss/velocity 0.81 / replay/replay_ratio 1040 / fps/policy 16.02 / fps/train 1.6e4

Writing metrics: /home/sk3686/logdir/dreamer/loginnode_walker_walk_stuplus_20260414_200239_della-yasaman/scores.jsonl
Writing metrics: /home/sk3686/logdir/dreamer/loginnode_walker_walk_stuplus_20260414_200239_della-yasaman/metrics.jsonl

--------------------[Agent Step 316_736]--------------------
Metrics filtered by: 'score|length|fps|ratio|train/loss/|train/rand/'
train/loss/con 0.02 / train/loss/dyn 5.81 / train/loss/height 1.2e-3 / train/loss/orientations 0.09 / train/loss/policy -0.08 / train/loss/rep 5.81 / train/loss/repval 1.13 / train/loss/rew 0.59 / train/loss/value 1.27 / train/loss/velocity 0.81 / replay/replay_ratio 1040 / fps/policy 14.8 / fps/train 1.5e4

Writing metrics: /home/sk3686/logdir/dreamer/loginnode_walker_walk_stuplus_20260414_200239_della-yasaman/metrics.jsonl
Writing metrics: /home/sk3686/logdir/dreamer/loginnode_walker_walk_stuplus_20260414_200239_della-yasaman/scores.jsonl

--------------------[Agent Step 318_400]--------------------
Metrics filtered by: 'score|length|fps|ratio|train/loss/|train/rand/'
train/loss/con 0.02 / train/loss/dyn 5.8 / train/loss/height 1.2e-3 / train/loss/orientations 0.09 / train/loss/policy -0.08 / train/loss/rep 5.8 / train/loss/repval 1.13 / train/loss/rew 0.59 / train/loss/value 1.27 / train/loss/velocity 0.81 / replay/replay_ratio 1040 / fps/policy 13.74 / fps/train 1.4e4

Writing metrics: /home/sk3686/logdir/dreamer/loginnode_walker_walk_stuplus_20260414_200239_della-yasaman/metrics.jsonl
Writing metrics: /home/sk3686/logdir/dreamer/loginnode_walker_walk_stuplus_20260414_200239_della-yasaman/scores.jsonl

--------------------[Agent Step 320_064]--------------------
Metrics filtered by: 'score|length|fps|ratio|train/loss/|train/rand/'
train/loss/con 0.02 / train/loss/dyn 5.79 / train/loss/height 1.2e-3 / train/loss/orientations 0.09 / train/loss/policy -0.08 / train/loss/rep 5.79 / train/loss/repval 1.13 / train/loss/rew 0.59 / train/loss/value 1.27 / train/loss/velocity 0.81 / replay/replay_ratio 1040 / fps/policy 13.76 / fps/train 1.4e4

Writing metrics: /home/sk3686/logdir/dreamer/loginnode_walker_walk_stuplus_20260414_200239_della-yasaman/metrics.jsonl
Writing metrics: /home/sk3686/logdir/dreamer/loginnode_walker_walk_stuplus_20260414_200239_della-yasaman/scores.jsonl

--------------------[Agent Step 321_712]--------------------
Metrics filtered by: 'score|length|fps|ratio|train/loss/|train/rand/'
episode/score 917.68 / episode/length 1001 / train/loss/con 0.02 / train/loss/dyn 5.78 / train/loss/height 1.2e-3 / train/loss/orientations 0.09 / train/loss/policy -0.08 / train/loss/rep 5.78 / train/loss/repval 1.13 / train/loss/rew 0.59 / train/loss/value 1.27 / train/loss/velocity 0.8 / replay/replay_ratio 1040 / fps/policy 13.72 / fps/train 1.4e4

Writing metrics: /home/sk3686/logdir/dreamer/loginnode_walker_walk_stuplus_20260414_200239_della-yasaman/metrics.jsonl
Writing metrics: /home/sk3686/logdir/dreamer/loginnode_walker_walk_stuplus_20260414_200239_della-yasaman/scores.jsonl

--------------------[Agent Step 323_648]--------------------
Metrics filtered by: 'score|length|fps|ratio|train/loss/|train/rand/'
train/loss/con 0.02 / train/loss/dyn 5.78 / train/loss/height 1.2e-3 / train/loss/orientations 0.08 / train/loss/policy -0.08 / train/loss/rep 5.78 / train/loss/repval 1.13 / train/loss/rew 0.59 / train/loss/value 1.27 / train/loss/velocity 0.8 / replay/replay_ratio 1040 / fps/policy 16.02 / fps/train 1.6e4

Writing metrics: /home/sk3686/logdir/dreamer/loginnode_walker_walk_stuplus_20260414_200239_della-yasaman/scores.jsonl
Writing metrics: /home/sk3686/logdir/dreamer/loginnode_walker_walk_stuplus_20260414_200239_della-yasaman/metrics.jsonl

--------------------[Agent Step 325_584]--------------------
Metrics filtered by: 'score|length|fps|ratio|train/loss/|train/rand/'
train/loss/con 0.02 / train/loss/dyn 5.75 / train/loss/height 1.2e-3 / train/loss/orientations 0.08 / train/loss/policy -0.08 / train/loss/rep 5.75 / train/loss/repval 1.13 / train/loss/rew 0.59 / train/loss/value 1.27 / train/loss/velocity 0.8 / replay/replay_ratio 1040 / fps/policy 16.03 / fps/train 1.6e4

Writing metrics: /home/sk3686/logdir/dreamer/loginnode_walker_walk_stuplus_20260414_200239_della-yasaman/metrics.jsonl
Writing metrics: /home/sk3686/logdir/dreamer/loginnode_walker_walk_stuplus_20260414_200239_della-yasaman/scores.jsonl
Saving checkpoint: /home/sk3686/logdir/dreamer/loginnode_walker_walk_stuplus_20260414_200239_della-yasaman/ckpt/20260415T014840F973242
Saved checkpoint.

--------------------[Agent Step 327_520]--------------------
Metrics filtered by: 'score|length|fps|ratio|train/loss/|train/rand/'
train/loss/con 0.02 / train/loss/dyn 5.74 / train/loss/height 1.2e-3 / train/loss/orientations 0.08 / train/loss/policy -0.08 / train/loss/rep 5.74 / train/loss/repval 1.13 / train/loss/rew 0.59 / train/loss/value 1.27 / train/loss/velocity 0.79 / replay/replay_ratio 1040 / fps/policy 16.03 / fps/train 1.6e4

Writing metrics: /home/sk3686/logdir/dreamer/loginnode_walker_walk_stuplus_20260414_200239_della-yasaman/scores.jsonl
Writing metrics: /home/sk3686/logdir/dreamer/loginnode_walker_walk_stuplus_20260414_200239_della-yasaman/metrics.jsonl

--------------------[Agent Step 329_456]--------------------
Metrics filtered by: 'score|length|fps|ratio|train/loss/|train/rand/'
train/loss/con 0.02 / train/loss/dyn 5.72 / train/loss/height 1.1e-3 / train/loss/orientations 0.08 / train/loss/policy -0.08 / train/loss/rep 5.72 / train/loss/repval 1.13 / train/loss/rew 0.59 / train/loss/value 1.27 / train/loss/velocity 0.79 / replay/replay_ratio 1040 / fps/policy 16.03 / fps/train 1.6e4

Writing metrics: /home/sk3686/logdir/dreamer/loginnode_walker_walk_stuplus_20260414_200239_della-yasaman/scores.jsonl
Writing metrics: /home/sk3686/logdir/dreamer/loginnode_walker_walk_stuplus_20260414_200239_della-yasaman/metrics.jsonl

--------------------[Agent Step 331_392]--------------------
Metrics filtered by: 'score|length|fps|ratio|train/loss/|train/rand/'
train/loss/con 0.02 / train/loss/dyn 5.72 / train/loss/height 1.1e-3 / train/loss/orientations 0.08 / train/loss/policy -0.08 / train/loss/rep 5.72 / train/loss/repval 1.14 / train/loss/rew 0.59 / train/loss/value 1.27 / train/loss/velocity 0.79 / replay/replay_ratio 1040 / fps/policy 16.04 / fps/train 1.6e4

Writing metrics: /home/sk3686/logdir/dreamer/loginnode_walker_walk_stuplus_20260414_200239_della-yasaman/scores.jsonl
Writing metrics: /home/sk3686/logdir/dreamer/loginnode_walker_walk_stuplus_20260414_200239_della-yasaman/metrics.jsonl

--------------------[Agent Step 333_328]--------------------
Metrics filtered by: 'score|length|fps|ratio|train/loss/|train/rand/'
train/loss/con 0.02 / train/loss/dyn 5.69 / train/loss/height 1.1e-3 / train/loss/orientations 0.08 / train/loss/policy -0.08 / train/loss/rep 5.69 / train/loss/repval 1.14 / train/loss/rew 0.58 / train/loss/value 1.27 / train/loss/velocity 0.78 / replay/replay_ratio 1040 / fps/policy 16.04 / fps/train 1.6e4

Writing metrics: /home/sk3686/logdir/dreamer/loginnode_walker_walk_stuplus_20260414_200239_della-yasaman/metrics.jsonl
Writing metrics: /home/sk3686/logdir/dreamer/loginnode_walker_walk_stuplus_20260414_200239_della-yasaman/scores.jsonl

--------------------[Agent Step 335_264]--------------------
Metrics filtered by: 'score|length|fps|ratio|train/loss/|train/rand/'
train/loss/con 0.02 / train/loss/dyn 5.69 / train/loss/height 1.1e-3 / train/loss/orientations 0.08 / train/loss/policy -0.08 / train/loss/rep 5.69 / train/loss/repval 1.14 / train/loss/rew 0.59 / train/loss/value 1.27 / train/loss/velocity 0.78 / replay/replay_ratio 1040 / fps/policy 16.04 / fps/train 1.6e4

Writing metrics: /home/sk3686/logdir/dreamer/loginnode_walker_walk_stuplus_20260414_200239_della-yasaman/scores.jsonl
Writing metrics: /home/sk3686/logdir/dreamer/loginnode_walker_walk_stuplus_20260414_200239_della-yasaman/metrics.jsonl

--------------------[Agent Step 337_200]--------------------
Metrics filtered by: 'score|length|fps|ratio|train/loss/|train/rand/'
episode/score 887.56 / episode/length 1001 / train/loss/con 0.02 / train/loss/dyn 5.66 / train/loss/height 1.1e-3 / train/loss/orientations 0.08 / train/loss/policy -0.08 / train/loss/rep 5.66 / train/loss/repval 1.14 / train/loss/rew 0.58 / train/loss/value 1.27 / train/loss/velocity 0.77 / replay/replay_ratio 1040 / fps/policy 16.01 / fps/train 1.6e4

Writing metrics: /home/sk3686/logdir/dreamer/loginnode_walker_walk_stuplus_20260414_200239_della-yasaman/scores.jsonl
Writing metrics: /home/sk3686/logdir/dreamer/loginnode_walker_walk_stuplus_20260414_200239_della-yasaman/metrics.jsonl

--------------------[Agent Step 339_120]--------------------
Metrics filtered by: 'score|length|fps|ratio|train/loss/|train/rand/'
train/loss/con 0.02 / train/loss/dyn 5.66 / train/loss/height 1.1e-3 / train/loss/orientations 0.08 / train/loss/policy -0.08 / train/loss/rep 5.66 / train/loss/repval 1.14 / train/loss/rew 0.58 / train/loss/value 1.27 / train/loss/velocity 0.77 / replay/replay_ratio 1040 / fps/policy 15.96 / fps/train 1.6e4

Writing metrics: /home/sk3686/logdir/dreamer/loginnode_walker_walk_stuplus_20260414_200239_della-yasaman/metrics.jsonl
Writing metrics: /home/sk3686/logdir/dreamer/loginnode_walker_walk_stuplus_20260414_200239_della-yasaman/scores.jsonl

--------------------[Agent Step 341_040]--------------------
Metrics filtered by: 'score|length|fps|ratio|train/loss/|train/rand/'
train/loss/con 0.02 / train/loss/dyn 5.65 / train/loss/height 1.1e-3 / train/loss/orientations 0.08 / train/loss/policy -0.08 / train/loss/rep 5.65 / train/loss/repval 1.14 / train/loss/rew 0.58 / train/loss/value 1.27 / train/loss/velocity 0.77 / replay/replay_ratio 1040 / fps/policy 15.99 / fps/train 1.6e4

Writing metrics: /home/sk3686/logdir/dreamer/loginnode_walker_walk_stuplus_20260414_200239_della-yasaman/scores.jsonl
Writing metrics: /home/sk3686/logdir/dreamer/loginnode_walker_walk_stuplus_20260414_200239_della-yasaman/metrics.jsonl
Saving checkpoint: /home/sk3686/logdir/dreamer/loginnode_walker_walk_stuplus_20260414_200239_della-yasaman/ckpt/20260415T020341F257678
Saved checkpoint.

--------------------[Agent Step 342_960]--------------------
Metrics filtered by: 'score|length|fps|ratio|train/loss/|train/rand/'
train/loss/con 0.02 / train/loss/dyn 5.65 / train/loss/height 1.1e-3 / train/loss/orientations 0.08 / train/loss/policy -0.08 / train/loss/rep 5.65 / train/loss/repval 1.15 / train/loss/rew 0.58 / train/loss/value 1.27 / train/loss/velocity 0.77 / replay/replay_ratio 1040 / fps/policy 15.99 / fps/train 1.6e4

Writing metrics: /home/sk3686/logdir/dreamer/loginnode_walker_walk_stuplus_20260414_200239_della-yasaman/scores.jsonl
Writing metrics: /home/sk3686/logdir/dreamer/loginnode_walker_walk_stuplus_20260414_200239_della-yasaman/metrics.jsonl

--------------------[Agent Step 344_896]--------------------
Metrics filtered by: 'score|length|fps|ratio|train/loss/|train/rand/'
train/loss/con 0.02 / train/loss/dyn 5.63 / train/loss/height 1.1e-3 / train/loss/orientations 0.08 / train/loss/policy -0.08 / train/loss/rep 5.63 / train/loss/repval 1.15 / train/loss/rew 0.58 / train/loss/value 1.27 / train/loss/velocity 0.76 / replay/replay_ratio 1040 / fps/policy 16.01 / fps/train 1.6e4

Writing metrics: /home/sk3686/logdir/dreamer/loginnode_walker_walk_stuplus_20260414_200239_della-yasaman/metrics.jsonl
Writing metrics: /home/sk3686/logdir/dreamer/loginnode_walker_walk_stuplus_20260414_200239_della-yasaman/scores.jsonl

--------------------[Agent Step 346_832]--------------------
Metrics filtered by: 'score|length|fps|ratio|train/loss/|train/rand/'
train/loss/con 0.02 / train/loss/dyn 5.61 / train/loss/height 1.1e-3 / train/loss/orientations 0.08 / train/loss/policy -0.08 / train/loss/rep 5.61 / train/loss/repval 1.16 / train/loss/rew 0.58 / train/loss/value 1.27 / train/loss/velocity 0.76 / replay/replay_ratio 1040 / fps/policy 16.01 / fps/train 1.6e4

Writing metrics: /home/sk3686/logdir/dreamer/loginnode_walker_walk_stuplus_20260414_200239_della-yasaman/scores.jsonl
Writing metrics: /home/sk3686/logdir/dreamer/loginnode_walker_walk_stuplus_20260414_200239_della-yasaman/metrics.jsonl

--------------------[Agent Step 348_768]--------------------
Metrics filtered by: 'score|length|fps|ratio|train/loss/|train/rand/'
train/loss/con 0.02 / train/loss/dyn 5.61 / train/loss/height 1e-3 / train/loss/orientations 0.08 / train/loss/policy -0.08 / train/loss/rep 5.61 / train/loss/repval 1.16 / train/loss/rew 0.58 / train/loss/value 1.27 / train/loss/velocity 0.76 / replay/replay_ratio 1040 / fps/policy 16.01 / fps/train 1.6e4

Writing metrics: /home/sk3686/logdir/dreamer/loginnode_walker_walk_stuplus_20260414_200239_della-yasaman/scores.jsonl
Writing metrics: /home/sk3686/logdir/dreamer/loginnode_walker_walk_stuplus_20260414_200239_della-yasaman/metrics.jsonl

--------------------[Agent Step 350_704]--------------------
Metrics filtered by: 'score|length|fps|ratio|train/loss/|train/rand/'
train/loss/con 0.02 / train/loss/dyn 5.59 / train/loss/height 1e-3 / train/loss/orientations 0.07 / train/loss/policy -0.08 / train/loss/rep 5.59 / train/loss/repval 1.16 / train/loss/rew 0.58 / train/loss/value 1.27 / train/loss/velocity 0.75 / replay/replay_ratio 1040 / fps/policy 16.01 / fps/train 1.6e4

Writing metrics: /home/sk3686/logdir/dreamer/loginnode_walker_walk_stuplus_20260414_200239_della-yasaman/scores.jsonl
Writing metrics: /home/sk3686/logdir/dreamer/loginnode_walker_walk_stuplus_20260414_200239_della-yasaman/metrics.jsonl

--------------------[Agent Step 352_640]--------------------
Metrics filtered by: 'score|length|fps|ratio|train/loss/|train/rand/'
episode/score 937.17 / episode/length 1001 / train/loss/con 0.02 / train/loss/dyn 5.59 / train/loss/height 1e-3 / train/loss/orientations 0.07 / train/loss/policy -0.09 / train/loss/rep 5.59 / train/loss/repval 1.16 / train/loss/rew 0.58 / train/loss/value 1.27 / train/loss/velocity 0.75 / replay/replay_ratio 1040 / fps/policy 16 / fps/train 1.6e4

Writing metrics: /home/sk3686/logdir/dreamer/loginnode_walker_walk_stuplus_20260414_200239_della-yasaman/scores.jsonl
Writing metrics: /home/sk3686/logdir/dreamer/loginnode_walker_walk_stuplus_20260414_200239_della-yasaman/metrics.jsonl

--------------------[Agent Step 354_560]--------------------
Metrics filtered by: 'score|length|fps|ratio|train/loss/|train/rand/'
train/loss/con 0.02 / train/loss/dyn 5.57 / train/loss/height 1e-3 / train/loss/orientations 0.07 / train/loss/policy -0.09 / train/loss/rep 5.57 / train/loss/repval 1.17 / train/loss/rew 0.58 / train/loss/value 1.27 / train/loss/velocity 0.75 / replay/replay_ratio 1040 / fps/policy 15.96 / fps/train 1.6e4

Writing metrics: /home/sk3686/logdir/dreamer/loginnode_walker_walk_stuplus_20260414_200239_della-yasaman/metrics.jsonl
Writing metrics: /home/sk3686/logdir/dreamer/loginnode_walker_walk_stuplus_20260414_200239_della-yasaman/scores.jsonl
Saving checkpoint: /home/sk3686/logdir/dreamer/loginnode_walker_walk_stuplus_20260414_200239_della-yasaman/ckpt/20260415T021841F443538
Saved checkpoint.

--------------------[Agent Step 356_480]--------------------
Metrics filtered by: 'score|length|fps|ratio|train/loss/|train/rand/'
train/loss/con 0.02 / train/loss/dyn 5.57 / train/loss/height 1e-3 / train/loss/orientations 0.07 / train/loss/policy -0.08 / train/loss/rep 5.57 / train/loss/repval 1.17 / train/loss/rew 0.58 / train/loss/value 1.26 / train/loss/velocity 0.74 / replay/replay_ratio 1040 / fps/policy 15.96 / fps/train 1.6e4

Writing metrics: /home/sk3686/logdir/dreamer/loginnode_walker_walk_stuplus_20260414_200239_della-yasaman/metrics.jsonl
Writing metrics: /home/sk3686/logdir/dreamer/loginnode_walker_walk_stuplus_20260414_200239_della-yasaman/scores.jsonl

--------------------[Agent Step 358_368]--------------------
Metrics filtered by: 'score|length|fps|ratio|train/loss/|train/rand/'
train/loss/con 0.02 / train/loss/dyn 5.56 / train/loss/height 1e-3 / train/loss/orientations 0.07 / train/loss/policy -0.08 / train/loss/rep 5.56 / train/loss/repval 1.16 / train/loss/rew 0.58 / train/loss/value 1.26 / train/loss/velocity 0.74 / replay/replay_ratio 1040 / fps/policy 15.71 / fps/train 1.6e4

Writing metrics: /home/sk3686/logdir/dreamer/loginnode_walker_walk_stuplus_20260414_200239_della-yasaman/metrics.jsonl
Writing metrics: /home/sk3686/logdir/dreamer/loginnode_walker_walk_stuplus_20260414_200239_della-yasaman/scores.jsonl

--------------------[Agent Step 360_240]--------------------
Metrics filtered by: 'score|length|fps|ratio|train/loss/|train/rand/'
train/loss/con 0.02 / train/loss/dyn 5.56 / train/loss/height 1e-3 / train/loss/orientations 0.07 / train/loss/policy -0.08 / train/loss/rep 5.56 / train/loss/repval 1.17 / train/loss/rew 0.58 / train/loss/value 1.26 / train/loss/velocity 0.74 / replay/replay_ratio 1040 / fps/policy 15.57 / fps/train 1.6e4

Writing metrics: /home/sk3686/logdir/dreamer/loginnode_walker_walk_stuplus_20260414_200239_della-yasaman/scores.jsonl
Writing metrics: /home/sk3686/logdir/dreamer/loginnode_walker_walk_stuplus_20260414_200239_della-yasaman/metrics.jsonl

--------------------[Agent Step 361_968]--------------------
Metrics filtered by: 'score|length|fps|ratio|train/loss/|train/rand/'
train/loss/con 0.02 / train/loss/dyn 5.54 / train/loss/height 1e-3 / train/loss/orientations 0.07 / train/loss/policy -0.08 / train/loss/rep 5.54 / train/loss/repval 1.17 / train/loss/rew 0.58 / train/loss/value 1.26 / train/loss/velocity 0.74 / replay/replay_ratio 1040 / fps/policy 14.29 / fps/train 1.5e4

Writing metrics: /home/sk3686/logdir/dreamer/loginnode_walker_walk_stuplus_20260414_200239_della-yasaman/scores.jsonl
Writing metrics: /home/sk3686/logdir/dreamer/loginnode_walker_walk_stuplus_20260414_200239_della-yasaman/metrics.jsonl

--------------------[Agent Step 363_744]--------------------
Metrics filtered by: 'score|length|fps|ratio|train/loss/|train/rand/'
train/loss/con 0.02 / train/loss/dyn 5.52 / train/loss/height 1e-3 / train/loss/orientations 0.07 / train/loss/policy -0.08 / train/loss/rep 5.52 / train/loss/repval 1.17 / train/loss/rew 0.58 / train/loss/value 1.26 / train/loss/velocity 0.73 / replay/replay_ratio 1040 / fps/policy 14.69 / fps/train 1.5e4

Writing metrics: /home/sk3686/logdir/dreamer/loginnode_walker_walk_stuplus_20260414_200239_della-yasaman/metrics.jsonl
Writing metrics: /home/sk3686/logdir/dreamer/loginnode_walker_walk_stuplus_20260414_200239_della-yasaman/scores.jsonl

--------------------[Agent Step 365_376]--------------------
Metrics filtered by: 'score|length|fps|ratio|train/loss/|train/rand/'
train/loss/con 0.02 / train/loss/dyn 5.52 / train/loss/height 9.9e-4 / train/loss/orientations 0.07 / train/loss/policy -0.08 / train/loss/rep 5.52 / train/loss/repval 1.17 / train/loss/rew 0.58 / train/loss/value 1.26 / train/loss/velocity 0.73 / replay/replay_ratio 1040 / fps/policy 13.58 / fps/train 1.4e4

Writing metrics: /home/sk3686/logdir/dreamer/loginnode_walker_walk_stuplus_20260414_200239_della-yasaman/scores.jsonl
Writing metrics: /home/sk3686/logdir/dreamer/loginnode_walker_walk_stuplus_20260414_200239_della-yasaman/metrics.jsonl

--------------------[Agent Step 366_912]--------------------
Metrics filtered by: 'score|length|fps|ratio|train/loss/|train/rand/'
train/loss/con 0.02 / train/loss/dyn 5.51 / train/loss/height 9.9e-4 / train/loss/orientations 0.07 / train/loss/policy -0.08 / train/loss/rep 5.51 / train/loss/repval 1.17 / train/loss/rew 0.58 / train/loss/value 1.26 / train/loss/velocity 0.73 / replay/replay_ratio 1040 / fps/policy 12.72 / fps/train 1.3e4

Writing metrics: /home/sk3686/logdir/dreamer/loginnode_walker_walk_stuplus_20260414_200239_della-yasaman/scores.jsonl
Writing metrics: /home/sk3686/logdir/dreamer/loginnode_walker_walk_stuplus_20260414_200239_della-yasaman/metrics.jsonl

--------------------[Agent Step 368_672]--------------------
Metrics filtered by: 'score|length|fps|ratio|train/loss/|train/rand/'
episode/score 949.49 / episode/length 1001 / train/loss/con 0.02 / train/loss/dyn 5.51 / train/loss/height 9.7e-4 / train/loss/orientations 0.07 / train/loss/policy -0.08 / train/loss/rep 5.51 / train/loss/repval 1.17 / train/loss/rew 0.58 / train/loss/value 1.26 / train/loss/velocity 0.73 / replay/replay_ratio 1040 / fps/policy 14.64 / fps/train 1.5e4

Writing metrics: /home/sk3686/logdir/dreamer/loginnode_walker_walk_stuplus_20260414_200239_della-yasaman/metrics.jsonl
Writing metrics: /home/sk3686/logdir/dreamer/loginnode_walker_walk_stuplus_20260414_200239_della-yasaman/scores.jsonl
Saving checkpoint: /home/sk3686/logdir/dreamer/loginnode_walker_walk_stuplus_20260414_200239_della-yasaman/ckpt/20260415T023342F324725
Saved checkpoint.

--------------------[Agent Step 370_592]--------------------
Metrics filtered by: 'score|length|fps|ratio|train/loss/|train/rand/'
train/loss/con 0.02 / train/loss/dyn 5.52 / train/loss/height 9.7e-4 / train/loss/orientations 0.07 / train/loss/policy -0.08 / train/loss/rep 5.52 / train/loss/repval 1.17 / train/loss/rew 0.58 / train/loss/value 1.26 / train/loss/velocity 0.73 / replay/replay_ratio 1040 / fps/policy 15.92 / fps/train 1.6e4

Writing metrics: /home/sk3686/logdir/dreamer/loginnode_walker_walk_stuplus_20260414_200239_della-yasaman/metrics.jsonl
Writing metrics: /home/sk3686/logdir/dreamer/loginnode_walker_walk_stuplus_20260414_200239_della-yasaman/scores.jsonl

--------------------[Agent Step 372_224]--------------------
Metrics filtered by: 'score|length|fps|ratio|train/loss/|train/rand/'
train/loss/con 0.02 / train/loss/dyn 5.49 / train/loss/height 9.6e-4 / train/loss/orientations 0.07 / train/loss/policy -0.08 / train/loss/rep 5.49 / train/loss/repval 1.18 / train/loss/rew 0.58 / train/loss/value 1.26 / train/loss/velocity 0.72 / replay/replay_ratio 1040 / fps/policy 13.53 / fps/train 1.4e4

Writing metrics: /home/sk3686/logdir/dreamer/loginnode_walker_walk_stuplus_20260414_200239_della-yasaman/scores.jsonl
Writing metrics: /home/sk3686/logdir/dreamer/loginnode_walker_walk_stuplus_20260414_200239_della-yasaman/metrics.jsonl

--------------------[Agent Step 373_856]--------------------
Metrics filtered by: 'score|length|fps|ratio|train/loss/|train/rand/'
train/loss/con 0.02 / train/loss/dyn 5.47 / train/loss/height 9.6e-4 / train/loss/orientations 0.07 / train/loss/policy -0.08 / train/loss/rep 5.47 / train/loss/repval 1.18 / train/loss/rew 0.58 / train/loss/value 1.26 / train/loss/velocity 0.72 / replay/replay_ratio 1040 / fps/policy 13.49 / fps/train 1.4e4

Writing metrics: /home/sk3686/logdir/dreamer/loginnode_walker_walk_stuplus_20260414_200239_della-yasaman/metrics.jsonl
Writing metrics: /home/sk3686/logdir/dreamer/loginnode_walker_walk_stuplus_20260414_200239_della-yasaman/scores.jsonl

--------------------[Agent Step 375_488]--------------------
Metrics filtered by: 'score|length|fps|ratio|train/loss/|train/rand/'
train/loss/con 0.02 / train/loss/dyn 5.47 / train/loss/height 9.5e-4 / train/loss/orientations 0.07 / train/loss/policy -0.08 / train/loss/rep 5.47 / train/loss/repval 1.17 / train/loss/rew 0.58 / train/loss/value 1.25 / train/loss/velocity 0.72 / replay/replay_ratio 1040 / fps/policy 13.53 / fps/train 1.4e4

Writing metrics: /home/sk3686/logdir/dreamer/loginnode_walker_walk_stuplus_20260414_200239_della-yasaman/scores.jsonl
Writing metrics: /home/sk3686/logdir/dreamer/loginnode_walker_walk_stuplus_20260414_200239_della-yasaman/metrics.jsonl

--------------------[Agent Step 377_360]--------------------
Metrics filtered by: 'score|length|fps|ratio|train/loss/|train/rand/'
train/loss/con 0.02 / train/loss/dyn 5.46 / train/loss/height 9.4e-4 / train/loss/orientations 0.07 / train/loss/policy -0.07 / train/loss/rep 5.46 / train/loss/repval 1.18 / train/loss/rew 0.58 / train/loss/value 1.25 / train/loss/velocity 0.72 / replay/replay_ratio 1040 / fps/policy 15.58 / fps/train 1.6e4

Writing metrics: /home/sk3686/logdir/dreamer/loginnode_walker_walk_stuplus_20260414_200239_della-yasaman/scores.jsonl
Writing metrics: /home/sk3686/logdir/dreamer/loginnode_walker_walk_stuplus_20260414_200239_della-yasaman/metrics.jsonl

--------------------[Agent Step 378_944]--------------------
Metrics filtered by: 'score|length|fps|ratio|train/loss/|train/rand/'
train/loss/con 0.02 / train/loss/dyn 5.46 / train/loss/height 9.4e-4 / train/loss/orientations 0.07 / train/loss/policy -0.07 / train/loss/rep 5.46 / train/loss/repval 1.18 / train/loss/rew 0.58 / train/loss/value 1.25 / train/loss/velocity 0.71 / replay/replay_ratio 1040 / fps/policy 13.09 / fps/train 1.3e4

Writing metrics: /home/sk3686/logdir/dreamer/loginnode_walker_walk_stuplus_20260414_200239_della-yasaman/metrics.jsonl
Writing metrics: /home/sk3686/logdir/dreamer/loginnode_walker_walk_stuplus_20260414_200239_della-yasaman/scores.jsonl

--------------------[Agent Step 380_528]--------------------
Metrics filtered by: 'score|length|fps|ratio|train/loss/|train/rand/'
train/loss/con 0.02 / train/loss/dyn 5.45 / train/loss/height 9.3e-4 / train/loss/orientations 0.07 / train/loss/policy -0.08 / train/loss/rep 5.45 / train/loss/repval 1.18 / train/loss/rew 0.58 / train/loss/value 1.24 / train/loss/velocity 0.71 / replay/replay_ratio 1040 / fps/policy 13.08 / fps/train 1.3e4

Writing metrics: /home/sk3686/logdir/dreamer/loginnode_walker_walk_stuplus_20260414_200239_della-yasaman/scores.jsonl
Writing metrics: /home/sk3686/logdir/dreamer/loginnode_walker_walk_stuplus_20260414_200239_della-yasaman/metrics.jsonl
Saving checkpoint: /home/sk3686/logdir/dreamer/loginnode_walker_walk_stuplus_20260414_200239_della-yasaman/ckpt/20260415T024842F575107
Saved checkpoint.

--------------------[Agent Step 382_096]--------------------
Metrics filtered by: 'score|length|fps|ratio|train/loss/|train/rand/'
train/loss/con 0.02 / train/loss/dyn 5.43 / train/loss/height 9.3e-4 / train/loss/orientations 0.07 / train/loss/policy -0.08 / train/loss/rep 5.43 / train/loss/repval 1.19 / train/loss/rew 0.58 / train/loss/value 1.24 / train/loss/velocity 0.71 / replay/replay_ratio 1040 / fps/policy 13.05 / fps/train 1.3e4

Writing metrics: /home/sk3686/logdir/dreamer/loginnode_walker_walk_stuplus_20260414_200239_della-yasaman/metrics.jsonl
Writing metrics: /home/sk3686/logdir/dreamer/loginnode_walker_walk_stuplus_20260414_200239_della-yasaman/scores.jsonl

--------------------[Agent Step 383_680]--------------------
Metrics filtered by: 'score|length|fps|ratio|train/loss/|train/rand/'
train/loss/con 0.02 / train/loss/dyn 5.43 / train/loss/height 9.3e-4 / train/loss/orientations 0.07 / train/loss/policy -0.08 / train/loss/rep 5.43 / train/loss/repval 1.19 / train/loss/rew 0.58 / train/loss/value 1.23 / train/loss/velocity 0.71 / replay/replay_ratio 1040 / fps/policy 13.08 / fps/train 1.3e4

Writing metrics: /home/sk3686/logdir/dreamer/loginnode_walker_walk_stuplus_20260414_200239_della-yasaman/metrics.jsonl
Writing metrics: /home/sk3686/logdir/dreamer/loginnode_walker_walk_stuplus_20260414_200239_della-yasaman/scores.jsonl

--------------------[Agent Step 385_248]--------------------
Metrics filtered by: 'score|length|fps|ratio|train/loss/|train/rand/'
episode/score 951.26 / episode/length 1001 / train/loss/con 0.02 / train/loss/dyn 5.44 / train/loss/height 9.2e-4 / train/loss/orientations 0.07 / train/loss/policy -0.08 / train/loss/rep 5.44 / train/loss/repval 1.19 / train/loss/rew 0.58 / train/loss/value 1.23 / train/loss/velocity 0.71 / replay/replay_ratio 1040 / fps/policy 13.04 / fps/train 1.3e4

Writing metrics: /home/sk3686/logdir/dreamer/loginnode_walker_walk_stuplus_20260414_200239_della-yasaman/scores.jsonl
Writing metrics: /home/sk3686/logdir/dreamer/loginnode_walker_walk_stuplus_20260414_200239_della-yasaman/metrics.jsonl

--------------------[Agent Step 386_816]--------------------
Metrics filtered by: 'score|length|fps|ratio|train/loss/|train/rand/'
train/loss/con 0.02 / train/loss/dyn 5.43 / train/loss/height 9.2e-4 / train/loss/orientations 0.07 / train/loss/policy -0.07 / train/loss/rep 5.43 / train/loss/repval 1.18 / train/loss/rew 0.58 / train/loss/value 1.24 / train/loss/velocity 0.71 / replay/replay_ratio 1040 / fps/policy 13.04 / fps/train 1.3e4

Writing metrics: /home/sk3686/logdir/dreamer/loginnode_walker_walk_stuplus_20260414_200239_della-yasaman/scores.jsonl
Writing metrics: /home/sk3686/logdir/dreamer/loginnode_walker_walk_stuplus_20260414_200239_della-yasaman/metrics.jsonl

--------------------[Agent Step 388_384]--------------------
Metrics filtered by: 'score|length|fps|ratio|train/loss/|train/rand/'
train/loss/con 0.02 / train/loss/dyn 5.44 / train/loss/height 9.2e-4 / train/loss/orientations 0.07 / train/loss/policy -0.07 / train/loss/rep 5.44 / train/loss/repval 1.18 / train/loss/rew 0.58 / train/loss/value 1.23 / train/loss/velocity 0.7 / replay/replay_ratio 1040 / fps/policy 13.06 / fps/train 1.3e4

Writing metrics: /home/sk3686/logdir/dreamer/loginnode_walker_walk_stuplus_20260414_200239_della-yasaman/metrics.jsonl
Writing metrics: /home/sk3686/logdir/dreamer/loginnode_walker_walk_stuplus_20260414_200239_della-yasaman/scores.jsonl

--------------------[Agent Step 389_952]--------------------
Metrics filtered by: 'score|length|fps|ratio|train/loss/|train/rand/'
train/loss/con 0.02 / train/loss/dyn 5.42 / train/loss/height 9.2e-4 / train/loss/orientations 0.07 / train/loss/policy -0.07 / train/loss/rep 5.42 / train/loss/repval 1.18 / train/loss/rew 0.58 / train/loss/value 1.23 / train/loss/velocity 0.7 / replay/replay_ratio 1040 / fps/policy 13.06 / fps/train 1.3e4

Writing metrics: /home/sk3686/logdir/dreamer/loginnode_walker_walk_stuplus_20260414_200239_della-yasaman/metrics.jsonl
Writing metrics: /home/sk3686/logdir/dreamer/loginnode_walker_walk_stuplus_20260414_200239_della-yasaman/scores.jsonl

--------------------[Agent Step 391_616]--------------------
Metrics filtered by: 'score|length|fps|ratio|train/loss/|train/rand/'
train/loss/con 0.02 / train/loss/dyn 5.41 / train/loss/height 9.1e-4 / train/loss/orientations 0.06 / train/loss/policy -0.07 / train/loss/rep 5.41 / train/loss/repval 1.18 / train/loss/rew 0.58 / train/loss/value 1.23 / train/loss/velocity 0.7 / replay/replay_ratio 1040 / fps/policy 13.79 / fps/train 1.4e4

Writing metrics: /home/sk3686/logdir/dreamer/loginnode_walker_walk_stuplus_20260414_200239_della-yasaman/metrics.jsonl
Writing metrics: /home/sk3686/logdir/dreamer/loginnode_walker_walk_stuplus_20260414_200239_della-yasaman/scores.jsonl

--------------------[Agent Step 393_552]--------------------
Metrics filtered by: 'score|length|fps|ratio|train/loss/|train/rand/'
train/loss/con 0.02 / train/loss/dyn 5.4 / train/loss/height 9e-4 / train/loss/orientations 0.06 / train/loss/policy -0.07 / train/loss/rep 5.4 / train/loss/repval 1.18 / train/loss/rew 0.58 / train/loss/value 1.23 / train/loss/velocity 0.7 / replay/replay_ratio 1040 / fps/policy 16.01 / fps/train 1.6e4

Writing metrics: /home/sk3686/logdir/dreamer/loginnode_walker_walk_stuplus_20260414_200239_della-yasaman/metrics.jsonl
Writing metrics: /home/sk3686/logdir/dreamer/loginnode_walker_walk_stuplus_20260414_200239_della-yasaman/scores.jsonl
Saving checkpoint: /home/sk3686/logdir/dreamer/loginnode_walker_walk_stuplus_20260414_200239_della-yasaman/ckpt/20260415T030342F695042
Saved checkpoint.

--------------------[Agent Step 395_472]--------------------
Metrics filtered by: 'score|length|fps|ratio|train/loss/|train/rand/'
train/loss/con 0.02 / train/loss/dyn 5.4 / train/loss/height 8.9e-4 / train/loss/orientations 0.06 / train/loss/policy -0.07 / train/loss/rep 5.4 / train/loss/repval 1.19 / train/loss/rew 0.58 / train/loss/value 1.23 / train/loss/velocity 0.69 / replay/replay_ratio 1040 / fps/policy 15.93 / fps/train 1.6e4

Writing metrics: /home/sk3686/logdir/dreamer/loginnode_walker_walk_stuplus_20260414_200239_della-yasaman/metrics.jsonl
Writing metrics: /home/sk3686/logdir/dreamer/loginnode_walker_walk_stuplus_20260414_200239_della-yasaman/scores.jsonl

--------------------[Agent Step 397_392]--------------------
Metrics filtered by: 'score|length|fps|ratio|train/loss/|train/rand/'
train/loss/con 0.02 / train/loss/dyn 5.39 / train/loss/height 8.8e-4 / train/loss/orientations 0.06 / train/loss/policy -0.07 / train/loss/rep 5.39 / train/loss/repval 1.19 / train/loss/rew 0.58 / train/loss/value 1.22 / train/loss/velocity 0.69 / replay/replay_ratio 1040 / fps/policy 15.98 / fps/train 1.6e4

Writing metrics: /home/sk3686/logdir/dreamer/loginnode_walker_walk_stuplus_20260414_200239_della-yasaman/metrics.jsonl
Writing metrics: /home/sk3686/logdir/dreamer/loginnode_walker_walk_stuplus_20260414_200239_della-yasaman/scores.jsonl

--------------------[Agent Step 399_328]--------------------
Metrics filtered by: 'score|length|fps|ratio|train/loss/|train/rand/'
train/loss/con 0.02 / train/loss/dyn 5.38 / train/loss/height 8.8e-4 / train/loss/orientations 0.06 / train/loss/policy -0.07 / train/loss/rep 5.38 / train/loss/repval 1.18 / train/loss/rew 0.58 / train/loss/value 1.22 / train/loss/velocity 0.69 / replay/replay_ratio 1040 / fps/policy 16 / fps/train 1.6e4

Writing metrics: /home/sk3686/logdir/dreamer/loginnode_walker_walk_stuplus_20260414_200239_della-yasaman/metrics.jsonl
Writing metrics: /home/sk3686/logdir/dreamer/loginnode_walker_walk_stuplus_20260414_200239_della-yasaman/scores.jsonl

--------------------[Agent Step 401_248]--------------------
Metrics filtered by: 'score|length|fps|ratio|train/loss/|train/rand/'
episode/score 900.53 / episode/length 1001 / train/loss/con 0.02 / train/loss/dyn 5.36 / train/loss/height 8.7e-4 / train/loss/orientations 0.06 / train/loss/policy -0.07 / train/loss/rep 5.36 / train/loss/repval 1.19 / train/loss/rew 0.58 / train/loss/value 1.22 / train/loss/velocity 0.68 / replay/replay_ratio 1040 / fps/policy 15.98 / fps/train 1.6e4

Writing metrics: /home/sk3686/logdir/dreamer/loginnode_walker_walk_stuplus_20260414_200239_della-yasaman/scores.jsonl
Writing metrics: /home/sk3686/logdir/dreamer/loginnode_walker_walk_stuplus_20260414_200239_della-yasaman/metrics.jsonl

--------------------[Agent Step 403_168]--------------------
Metrics filtered by: 'score|length|fps|ratio|train/loss/|train/rand/'
train/loss/con 0.02 / train/loss/dyn 5.38 / train/loss/height 8.8e-4 / train/loss/orientations 0.06 / train/loss/policy -0.07 / train/loss/rep 5.38 / train/loss/repval 1.19 / train/loss/rew 0.58 / train/loss/value 1.22 / train/loss/velocity 0.69 / replay/replay_ratio 1040 / fps/policy 15.96 / fps/train 1.6e4

Writing metrics: /home/sk3686/logdir/dreamer/loginnode_walker_walk_stuplus_20260414_200239_della-yasaman/metrics.jsonl
Writing metrics: /home/sk3686/logdir/dreamer/loginnode_walker_walk_stuplus_20260414_200239_della-yasaman/scores.jsonl

--------------------[Agent Step 405_088]--------------------
Metrics filtered by: 'score|length|fps|ratio|train/loss/|train/rand/'
train/loss/con 0.02 / train/loss/dyn 5.37 / train/loss/height 8.7e-4 / train/loss/orientations 0.06 / train/loss/policy -0.07 / train/loss/rep 5.37 / train/loss/repval 1.19 / train/loss/rew 0.58 / train/loss/value 1.22 / train/loss/velocity 0.69 / replay/replay_ratio 1040 / fps/policy 15.98 / fps/train 1.6e4

Writing metrics: /home/sk3686/logdir/dreamer/loginnode_walker_walk_stuplus_20260414_200239_della-yasaman/scores.jsonl
Writing metrics: /home/sk3686/logdir/dreamer/loginnode_walker_walk_stuplus_20260414_200239_della-yasaman/metrics.jsonl

--------------------[Agent Step 407_024]--------------------
Metrics filtered by: 'score|length|fps|ratio|train/loss/|train/rand/'
train/loss/con 0.02 / train/loss/dyn 5.36 / train/loss/height 8.7e-4 / train/loss/orientations 0.06 / train/loss/policy -0.07 / train/loss/rep 5.36 / train/loss/repval 1.19 / train/loss/rew 0.58 / train/loss/value 1.21 / train/loss/velocity 0.68 / replay/replay_ratio 1040 / fps/policy 16 / fps/train 1.6e4

Writing metrics: /home/sk3686/logdir/dreamer/loginnode_walker_walk_stuplus_20260414_200239_della-yasaman/metrics.jsonl
Writing metrics: /home/sk3686/logdir/dreamer/loginnode_walker_walk_stuplus_20260414_200239_della-yasaman/scores.jsonl
Saving checkpoint: /home/sk3686/logdir/dreamer/loginnode_walker_walk_stuplus_20260414_200239_della-yasaman/ckpt/20260415T031842F927848
Saved checkpoint.

--------------------[Agent Step 408_944]--------------------
Metrics filtered by: 'score|length|fps|ratio|train/loss/|train/rand/'
train/loss/con 0.02 / train/loss/dyn 5.35 / train/loss/height 8.6e-4 / train/loss/orientations 0.06 / train/loss/policy -0.07 / train/loss/rep 5.35 / train/loss/repval 1.18 / train/loss/rew 0.58 / train/loss/value 1.21 / train/loss/velocity 0.68 / replay/replay_ratio 1040 / fps/policy 15.97 / fps/train 1.6e4

Writing metrics: /home/sk3686/logdir/dreamer/loginnode_walker_walk_stuplus_20260414_200239_della-yasaman/metrics.jsonl
Writing metrics: /home/sk3686/logdir/dreamer/loginnode_walker_walk_stuplus_20260414_200239_della-yasaman/scores.jsonl

--------------------[Agent Step 410_880]--------------------
Metrics filtered by: 'score|length|fps|ratio|train/loss/|train/rand/'
train/loss/con 0.02 / train/loss/dyn 5.34 / train/loss/height 8.5e-4 / train/loss/orientations 0.06 / train/loss/policy -0.07 / train/loss/rep 5.34 / train/loss/repval 1.19 / train/loss/rew 0.58 / train/loss/value 1.21 / train/loss/velocity 0.68 / replay/replay_ratio 1040 / fps/policy 16 / fps/train 1.6e4

Writing metrics: /home/sk3686/logdir/dreamer/loginnode_walker_walk_stuplus_20260414_200239_della-yasaman/metrics.jsonl
Writing metrics: /home/sk3686/logdir/dreamer/loginnode_walker_walk_stuplus_20260414_200239_della-yasaman/scores.jsonl

--------------------[Agent Step 412_816]--------------------
Metrics filtered by: 'score|length|fps|ratio|train/loss/|train/rand/'
train/loss/con 0.02 / train/loss/dyn 5.31 / train/loss/height 8.4e-4 / train/loss/orientations 0.06 / train/loss/policy -0.07 / train/loss/rep 5.31 / train/loss/repval 1.19 / train/loss/rew 0.58 / train/loss/value 1.21 / train/loss/velocity 0.67 / replay/replay_ratio 1040 / fps/policy 16.01 / fps/train 1.6e4

Writing metrics: /home/sk3686/logdir/dreamer/loginnode_walker_walk_stuplus_20260414_200239_della-yasaman/scores.jsonl
Writing metrics: /home/sk3686/logdir/dreamer/loginnode_walker_walk_stuplus_20260414_200239_della-yasaman/metrics.jsonl

--------------------[Agent Step 414_752]--------------------
Metrics filtered by: 'score|length|fps|ratio|train/loss/|train/rand/'
train/loss/con 0.02 / train/loss/dyn 5.32 / train/loss/height 8.5e-4 / train/loss/orientations 0.06 / train/loss/policy -0.07 / train/loss/rep 5.32 / train/loss/repval 1.18 / train/loss/rew 0.58 / train/loss/value 1.2 / train/loss/velocity 0.67 / replay/replay_ratio 1040 / fps/policy 16.01 / fps/train 1.6e4

Writing metrics: /home/sk3686/logdir/dreamer/loginnode_walker_walk_stuplus_20260414_200239_della-yasaman/metrics.jsonl
Writing metrics: /home/sk3686/logdir/dreamer/loginnode_walker_walk_stuplus_20260414_200239_della-yasaman/scores.jsonl

--------------------[Agent Step 416_672]--------------------
Metrics filtered by: 'score|length|fps|ratio|train/loss/|train/rand/'
episode/score 969.31 / episode/length 1001 / train/loss/con 0.02 / train/loss/dyn 5.32 / train/loss/height 8.5e-4 / train/loss/orientations 0.06 / train/loss/policy -0.07 / train/loss/rep 5.32 / train/loss/repval 1.18 / train/loss/rew 0.58 / train/loss/value 1.21 / train/loss/velocity 0.67 / replay/replay_ratio 1040 / fps/policy 16 / fps/train 1.6e4

Writing metrics: /home/sk3686/logdir/dreamer/loginnode_walker_walk_stuplus_20260414_200239_della-yasaman/metrics.jsonl
Writing metrics: /home/sk3686/logdir/dreamer/loginnode_walker_walk_stuplus_20260414_200239_della-yasaman/scores.jsonl

--------------------[Agent Step 418_592]--------------------
Metrics filtered by: 'score|length|fps|ratio|train/loss/|train/rand/'
train/loss/con 0.02 / train/loss/dyn 5.3 / train/loss/height 8.3e-4 / train/loss/orientations 0.06 / train/loss/policy -0.07 / train/loss/rep 5.3 / train/loss/repval 1.18 / train/loss/rew 0.58 / train/loss/value 1.2 / train/loss/velocity 0.67 / replay/replay_ratio 1040 / fps/policy 15.91 / fps/train 1.6e4

Writing metrics: /home/sk3686/logdir/dreamer/loginnode_walker_walk_stuplus_20260414_200239_della-yasaman/scores.jsonl
Writing metrics: /home/sk3686/logdir/dreamer/loginnode_walker_walk_stuplus_20260414_200239_della-yasaman/metrics.jsonl

--------------------[Agent Step 420_512]--------------------
Metrics filtered by: 'score|length|fps|ratio|train/loss/|train/rand/'
train/loss/con 0.02 / train/loss/dyn 5.3 / train/loss/height 8.4e-4 / train/loss/orientations 0.06 / train/loss/policy -0.07 / train/loss/rep 5.3 / train/loss/repval 1.18 / train/loss/rew 0.58 / train/loss/value 1.2 / train/loss/velocity 0.67 / replay/replay_ratio 1040 / fps/policy 15.95 / fps/train 1.6e4

Writing metrics: /home/sk3686/logdir/dreamer/loginnode_walker_walk_stuplus_20260414_200239_della-yasaman/scores.jsonl
Writing metrics: /home/sk3686/logdir/dreamer/loginnode_walker_walk_stuplus_20260414_200239_della-yasaman/metrics.jsonl

--------------------[Agent Step 422_432]--------------------
Metrics filtered by: 'score|length|fps|ratio|train/loss/|train/rand/'
train/loss/con 0.02 / train/loss/dyn 5.29 / train/loss/height 8.3e-4 / train/loss/orientations 0.06 / train/loss/policy -0.07 / train/loss/rep 5.29 / train/loss/repval 1.18 / train/loss/rew 0.58 / train/loss/value 1.2 / train/loss/velocity 0.67 / replay/replay_ratio 1040 / fps/policy 15.98 / fps/train 1.6e4

Writing metrics: /home/sk3686/logdir/dreamer/loginnode_walker_walk_stuplus_20260414_200239_della-yasaman/metrics.jsonl
Writing metrics: /home/sk3686/logdir/dreamer/loginnode_walker_walk_stuplus_20260414_200239_della-yasaman/scores.jsonl
Saving checkpoint: /home/sk3686/logdir/dreamer/loginnode_walker_walk_stuplus_20260414_200239_della-yasaman/ckpt/20260415T033343F223997
Saved checkpoint.

--------------------[Agent Step 424_352]--------------------
Metrics filtered by: 'score|length|fps|ratio|train/loss/|train/rand/'
train/loss/con 0.02 / train/loss/dyn 5.28 / train/loss/height 8.3e-4 / train/loss/orientations 0.06 / train/loss/policy -0.07 / train/loss/rep 5.28 / train/loss/repval 1.18 / train/loss/rew 0.58 / train/loss/value 1.2 / train/loss/velocity 0.66 / replay/replay_ratio 1040 / fps/policy 15.93 / fps/train 1.6e4

Writing metrics: /home/sk3686/logdir/dreamer/loginnode_walker_walk_stuplus_20260414_200239_della-yasaman/scores.jsonl
Writing metrics: /home/sk3686/logdir/dreamer/loginnode_walker_walk_stuplus_20260414_200239_della-yasaman/metrics.jsonl

--------------------[Agent Step 426_272]--------------------
Metrics filtered by: 'score|length|fps|ratio|train/loss/|train/rand/'
train/loss/con 0.02 / train/loss/dyn 5.27 / train/loss/height 8.2e-4 / train/loss/orientations 0.06 / train/loss/policy -0.07 / train/loss/rep 5.27 / train/loss/repval 1.18 / train/loss/rew 0.58 / train/loss/value 1.2 / train/loss/velocity 0.66 / replay/replay_ratio 1040 / fps/policy 15.99 / fps/train 1.6e4

Writing metrics: /home/sk3686/logdir/dreamer/loginnode_walker_walk_stuplus_20260414_200239_della-yasaman/metrics.jsonl
Writing metrics: /home/sk3686/logdir/dreamer/loginnode_walker_walk_stuplus_20260414_200239_della-yasaman/scores.jsonl

--------------------[Agent Step 428_208]--------------------
Metrics filtered by: 'score|length|fps|ratio|train/loss/|train/rand/'
train/loss/con 0.02 / train/loss/dyn 5.27 / train/loss/height 8.2e-4 / train/loss/orientations 0.06 / train/loss/policy -0.07 / train/loss/rep 5.27 / train/loss/repval 1.18 / train/loss/rew 0.58 / train/loss/value 1.19 / train/loss/velocity 0.66 / replay/replay_ratio 1040 / fps/policy 16 / fps/train 1.6e4

Writing metrics: /home/sk3686/logdir/dreamer/loginnode_walker_walk_stuplus_20260414_200239_della-yasaman/scores.jsonl
Writing metrics: /home/sk3686/logdir/dreamer/loginnode_walker_walk_stuplus_20260414_200239_della-yasaman/metrics.jsonl

--------------------[Agent Step 430_144]--------------------
Metrics filtered by: 'score|length|fps|ratio|train/loss/|train/rand/'
train/loss/con 0.02 / train/loss/dyn 5.26 / train/loss/height 8.1e-4 / train/loss/orientations 0.06 / train/loss/policy -0.07 / train/loss/rep 5.26 / train/loss/repval 1.18 / train/loss/rew 0.58 / train/loss/value 1.19 / train/loss/velocity 0.66 / replay/replay_ratio 1040 / fps/policy 16.01 / fps/train 1.6e4

Writing metrics: /home/sk3686/logdir/dreamer/loginnode_walker_walk_stuplus_20260414_200239_della-yasaman/metrics.jsonl
Writing metrics: /home/sk3686/logdir/dreamer/loginnode_walker_walk_stuplus_20260414_200239_della-yasaman/scores.jsonl

--------------------[Agent Step 432_064]--------------------
Metrics filtered by: 'score|length|fps|ratio|train/loss/|train/rand/'
train/loss/con 0.02 / train/loss/dyn 5.24 / train/loss/height 8e-4 / train/loss/orientations 0.06 / train/loss/policy -0.07 / train/loss/rep 5.24 / train/loss/repval 1.18 / train/loss/rew 0.58 / train/loss/value 1.19 / train/loss/velocity 0.65 / replay/replay_ratio 1040 / fps/policy 15.96 / fps/train 1.6e4

Writing metrics: /home/sk3686/logdir/dreamer/loginnode_walker_walk_stuplus_20260414_200239_della-yasaman/metrics.jsonl
Writing metrics: /home/sk3686/logdir/dreamer/loginnode_walker_walk_stuplus_20260414_200239_della-yasaman/scores.jsonl

--------------------[Agent Step 433_984]--------------------
Metrics filtered by: 'score|length|fps|ratio|train/loss/|train/rand/'
episode/score 903.59 / episode/length 1001 / train/loss/con 0.02 / train/loss/dyn 5.24 / train/loss/height 8.1e-4 / train/loss/orientations 0.06 / train/loss/policy -0.07 / train/loss/rep 5.24 / train/loss/repval 1.18 / train/loss/rew 0.58 / train/loss/value 1.19 / train/loss/velocity 0.65 / replay/replay_ratio 1040 / fps/policy 15.96 / fps/train 1.6e4

Writing metrics: /home/sk3686/logdir/dreamer/loginnode_walker_walk_stuplus_20260414_200239_della-yasaman/scores.jsonl
Writing metrics: /home/sk3686/logdir/dreamer/loginnode_walker_walk_stuplus_20260414_200239_della-yasaman/metrics.jsonl

--------------------[Agent Step 435_904]--------------------
Metrics filtered by: 'score|length|fps|ratio|train/loss/|train/rand/'
train/loss/con 0.02 / train/loss/dyn 5.23 / train/loss/height 8.1e-4 / train/loss/orientations 0.06 / train/loss/policy -0.07 / train/loss/rep 5.23 / train/loss/repval 1.18 / train/loss/rew 0.58 / train/loss/value 1.19 / train/loss/velocity 0.65 / replay/replay_ratio 1040 / fps/policy 15.96 / fps/train 1.6e4

Writing metrics: /home/sk3686/logdir/dreamer/loginnode_walker_walk_stuplus_20260414_200239_della-yasaman/metrics.jsonl
Writing metrics: /home/sk3686/logdir/dreamer/loginnode_walker_walk_stuplus_20260414_200239_della-yasaman/scores.jsonl
Saving checkpoint: /home/sk3686/logdir/dreamer/loginnode_walker_walk_stuplus_20260414_200239_della-yasaman/ckpt/20260415T034843F651834
Saved checkpoint.

--------------------[Agent Step 437_824]--------------------
Metrics filtered by: 'score|length|fps|ratio|train/loss/|train/rand/'
train/loss/con 0.02 / train/loss/dyn 5.21 / train/loss/height 8e-4 / train/loss/orientations 0.06 / train/loss/policy -0.07 / train/loss/rep 5.21 / train/loss/repval 1.18 / train/loss/rew 0.58 / train/loss/value 1.19 / train/loss/velocity 0.65 / replay/replay_ratio 1040 / fps/policy 15.96 / fps/train 1.6e4

Writing metrics: /home/sk3686/logdir/dreamer/loginnode_walker_walk_stuplus_20260414_200239_della-yasaman/metrics.jsonl
Writing metrics: /home/sk3686/logdir/dreamer/loginnode_walker_walk_stuplus_20260414_200239_della-yasaman/scores.jsonl

--------------------[Agent Step 439_744]--------------------
Metrics filtered by: 'score|length|fps|ratio|train/loss/|train/rand/'
train/loss/con 0.02 / train/loss/dyn 5.22 / train/loss/height 8e-4 / train/loss/orientations 0.06 / train/loss/policy -0.07 / train/loss/rep 5.22 / train/loss/repval 1.18 / train/loss/rew 0.58 / train/loss/value 1.18 / train/loss/velocity 0.65 / replay/replay_ratio 1040 / fps/policy 15.98 / fps/train 1.6e4

Writing metrics: /home/sk3686/logdir/dreamer/loginnode_walker_walk_stuplus_20260414_200239_della-yasaman/metrics.jsonl
Writing metrics: /home/sk3686/logdir/dreamer/loginnode_walker_walk_stuplus_20260414_200239_della-yasaman/scores.jsonl

--------------------[Agent Step 441_664]--------------------
Metrics filtered by: 'score|length|fps|ratio|train/loss/|train/rand/'
train/loss/con 0.02 / train/loss/dyn 5.2 / train/loss/height 7.9e-4 / train/loss/orientations 0.06 / train/loss/policy -0.07 / train/loss/rep 5.2 / train/loss/repval 1.18 / train/loss/rew 0.58 / train/loss/value 1.17 / train/loss/velocity 0.64 / replay/replay_ratio 1040 / fps/policy 15.95 / fps/train 1.6e4

Writing metrics: /home/sk3686/logdir/dreamer/loginnode_walker_walk_stuplus_20260414_200239_della-yasaman/metrics.jsonl
Writing metrics: /home/sk3686/logdir/dreamer/loginnode_walker_walk_stuplus_20260414_200239_della-yasaman/scores.jsonl

--------------------[Agent Step 443_584]--------------------
Metrics filtered by: 'score|length|fps|ratio|train/loss/|train/rand/'
train/loss/con 0.02 / train/loss/dyn 5.2 / train/loss/height 7.9e-4 / train/loss/orientations 0.06 / train/loss/policy -0.06 / train/loss/rep 5.2 / train/loss/repval 1.17 / train/loss/rew 0.58 / train/loss/value 1.16 / train/loss/velocity 0.64 / replay/replay_ratio 1040 / fps/policy 15.99 / fps/train 1.6e4

Writing metrics: /home/sk3686/logdir/dreamer/loginnode_walker_walk_stuplus_20260414_200239_della-yasaman/scores.jsonl
Writing metrics: /home/sk3686/logdir/dreamer/loginnode_walker_walk_stuplus_20260414_200239_della-yasaman/metrics.jsonl

--------------------[Agent Step 445_504]--------------------
Metrics filtered by: 'score|length|fps|ratio|train/loss/|train/rand/'
train/loss/con 0.02 / train/loss/dyn 5.19 / train/loss/height 7.9e-4 / train/loss/orientations 0.06 / train/loss/policy -0.06 / train/loss/rep 5.19 / train/loss/repval 1.17 / train/loss/rew 0.58 / train/loss/value 1.16 / train/loss/velocity 0.64 / replay/replay_ratio 1040 / fps/policy 15.99 / fps/train 1.6e4

Writing metrics: /home/sk3686/logdir/dreamer/loginnode_walker_walk_stuplus_20260414_200239_della-yasaman/metrics.jsonl
Writing metrics: /home/sk3686/logdir/dreamer/loginnode_walker_walk_stuplus_20260414_200239_della-yasaman/scores.jsonl

--------------------[Agent Step 447_440]--------------------
Metrics filtered by: 'score|length|fps|ratio|train/loss/|train/rand/'
train/loss/con 0.02 / train/loss/dyn 5.19 / train/loss/height 7.8e-4 / train/loss/orientations 0.05 / train/loss/policy -0.06 / train/loss/rep 5.19 / train/loss/repval 1.17 / train/loss/rew 0.58 / train/loss/value 1.14 / train/loss/velocity 0.64 / replay/replay_ratio 1040 / fps/policy 16 / fps/train 1.6e4

Writing metrics: /home/sk3686/logdir/dreamer/loginnode_walker_walk_stuplus_20260414_200239_della-yasaman/metrics.jsonl
Writing metrics: /home/sk3686/logdir/dreamer/loginnode_walker_walk_stuplus_20260414_200239_della-yasaman/scores.jsonl

--------------------[Agent Step 449_360]--------------------
Metrics filtered by: 'score|length|fps|ratio|train/loss/|train/rand/'
episode/score 929.97 / episode/length 1001 / train/loss/con 0.02 / train/loss/dyn 5.17 / train/loss/height 7.8e-4 / train/loss/orientations 0.05 / train/loss/policy -0.06 / train/loss/rep 5.17 / train/loss/repval 1.17 / train/loss/rew 0.58 / train/loss/value 1.15 / train/loss/velocity 0.64 / replay/replay_ratio 1040 / fps/policy 15.97 / fps/train 1.6e4

Writing metrics: /home/sk3686/logdir/dreamer/loginnode_walker_walk_stuplus_20260414_200239_della-yasaman/metrics.jsonl
Writing metrics: /home/sk3686/logdir/dreamer/loginnode_walker_walk_stuplus_20260414_200239_della-yasaman/scores.jsonl

--------------------[Agent Step 451_280]--------------------
Metrics filtered by: 'score|length|fps|ratio|train/loss/|train/rand/'
train/loss/con 0.02 / train/loss/dyn 5.17 / train/loss/height 7.8e-4 / train/loss/orientations 0.05 / train/loss/policy -0.06 / train/loss/rep 5.17 / train/loss/repval 1.16 / train/loss/rew 0.58 / train/loss/value 1.14 / train/loss/velocity 0.64 / replay/replay_ratio 1040 / fps/policy 15.95 / fps/train 1.6e4

Writing metrics: /home/sk3686/logdir/dreamer/loginnode_walker_walk_stuplus_20260414_200239_della-yasaman/metrics.jsonl
Writing metrics: /home/sk3686/logdir/dreamer/loginnode_walker_walk_stuplus_20260414_200239_della-yasaman/scores.jsonl
Saving checkpoint: /home/sk3686/logdir/dreamer/loginnode_walker_walk_stuplus_20260414_200239_della-yasaman/ckpt/20260415T040344F184987
Saved checkpoint.

--------------------[Agent Step 453_200]--------------------
Metrics filtered by: 'score|length|fps|ratio|train/loss/|train/rand/'
train/loss/con 0.02 / train/loss/dyn 5.18 / train/loss/height 7.8e-4 / train/loss/orientations 0.05 / train/loss/policy -0.06 / train/loss/rep 5.18 / train/loss/repval 1.16 / train/loss/rew 0.58 / train/loss/value 1.13 / train/loss/velocity 0.63 / replay/replay_ratio 1040 / fps/policy 15.92 / fps/train 1.6e4

Writing metrics: /home/sk3686/logdir/dreamer/loginnode_walker_walk_stuplus_20260414_200239_della-yasaman/scores.jsonl
Writing metrics: /home/sk3686/logdir/dreamer/loginnode_walker_walk_stuplus_20260414_200239_della-yasaman/metrics.jsonl

--------------------[Agent Step 455_120]--------------------
Metrics filtered by: 'score|length|fps|ratio|train/loss/|train/rand/'
train/loss/con 0.02 / train/loss/dyn 5.15 / train/loss/height 7.6e-4 / train/loss/orientations 0.05 / train/loss/policy -0.06 / train/loss/rep 5.15 / train/loss/repval 1.16 / train/loss/rew 0.58 / train/loss/value 1.13 / train/loss/velocity 0.63 / replay/replay_ratio 1040 / fps/policy 15.97 / fps/train 1.6e4

Writing metrics: /home/sk3686/logdir/dreamer/loginnode_walker_walk_stuplus_20260414_200239_della-yasaman/metrics.jsonl
Writing metrics: /home/sk3686/logdir/dreamer/loginnode_walker_walk_stuplus_20260414_200239_della-yasaman/scores.jsonl

--------------------[Agent Step 457_040]--------------------
Metrics filtered by: 'score|length|fps|ratio|train/loss/|train/rand/'
train/loss/con 0.02 / train/loss/dyn 5.13 / train/loss/height 7.7e-4 / train/loss/orientations 0.05 / train/loss/policy -0.06 / train/loss/rep 5.13 / train/loss/repval 1.17 / train/loss/rew 0.58 / train/loss/value 1.15 / train/loss/velocity 0.63 / replay/replay_ratio 1040 / fps/policy 15.99 / fps/train 1.6e4

Writing metrics: /home/sk3686/logdir/dreamer/loginnode_walker_walk_stuplus_20260414_200239_della-yasaman/scores.jsonl
Writing metrics: /home/sk3686/logdir/dreamer/loginnode_walker_walk_stuplus_20260414_200239_della-yasaman/metrics.jsonl

--------------------[Agent Step 458_976]--------------------
Metrics filtered by: 'score|length|fps|ratio|train/loss/|train/rand/'
train/loss/con 0.02 / train/loss/dyn 5.14 / train/loss/height 7.7e-4 / train/loss/orientations 0.05 / train/loss/policy -0.06 / train/loss/rep 5.14 / train/loss/repval 1.17 / train/loss/rew 0.58 / train/loss/value 1.17 / train/loss/velocity 0.63 / replay/replay_ratio 1040 / fps/policy 16 / fps/train 1.6e4

Writing metrics: /home/sk3686/logdir/dreamer/loginnode_walker_walk_stuplus_20260414_200239_della-yasaman/metrics.jsonl
Writing metrics: /home/sk3686/logdir/dreamer/loginnode_walker_walk_stuplus_20260414_200239_della-yasaman/scores.jsonl

--------------------[Agent Step 460_912]--------------------
Metrics filtered by: 'score|length|fps|ratio|train/loss/|train/rand/'
train/loss/con 0.02 / train/loss/dyn 5.12 / train/loss/height 7.7e-4 / train/loss/orientations 0.05 / train/loss/policy -0.06 / train/loss/rep 5.12 / train/loss/repval 1.17 / train/loss/rew 0.58 / train/loss/value 1.17 / train/loss/velocity 0.62 / replay/replay_ratio 1040 / fps/policy 16.01 / fps/train 1.6e4

Writing metrics: /home/sk3686/logdir/dreamer/loginnode_walker_walk_stuplus_20260414_200239_della-yasaman/metrics.jsonl
Writing metrics: /home/sk3686/logdir/dreamer/loginnode_walker_walk_stuplus_20260414_200239_della-yasaman/scores.jsonl

--------------------[Agent Step 462_832]--------------------
Metrics filtered by: 'score|length|fps|ratio|train/loss/|train/rand/'
train/loss/con 0.02 / train/loss/dyn 5.13 / train/loss/height 7.6e-4 / train/loss/orientations 0.05 / train/loss/policy -0.06 / train/loss/rep 5.13 / train/loss/repval 1.17 / train/loss/rew 0.58 / train/loss/value 1.17 / train/loss/velocity 0.62 / replay/replay_ratio 1040 / fps/policy 16 / fps/train 1.6e4

Writing metrics: /home/sk3686/logdir/dreamer/loginnode_walker_walk_stuplus_20260414_200239_della-yasaman/metrics.jsonl
Writing metrics: /home/sk3686/logdir/dreamer/loginnode_walker_walk_stuplus_20260414_200239_della-yasaman/scores.jsonl

--------------------[Agent Step 464_752]--------------------
Metrics filtered by: 'score|length|fps|ratio|train/loss/|train/rand/'
episode/score 947.95 / episode/length 1001 / train/loss/con 0.02 / train/loss/dyn 5.12 / train/loss/height 7.6e-4 / train/loss/orientations 0.05 / train/loss/policy -0.06 / train/loss/rep 5.12 / train/loss/repval 1.17 / train/loss/rew 0.58 / train/loss/value 1.17 / train/loss/velocity 0.62 / replay/replay_ratio 1040 / fps/policy 15.99 / fps/train 1.6e4

Writing metrics: /home/sk3686/logdir/dreamer/loginnode_walker_walk_stuplus_20260414_200239_della-yasaman/metrics.jsonl
Writing metrics: /home/sk3686/logdir/dreamer/loginnode_walker_walk_stuplus_20260414_200239_della-yasaman/scores.jsonl
Saving checkpoint: /home/sk3686/logdir/dreamer/loginnode_walker_walk_stuplus_20260414_200239_della-yasaman/ckpt/20260415T041844F192515
Saved checkpoint.

--------------------[Agent Step 466_672]--------------------
Metrics filtered by: 'score|length|fps|ratio|train/loss/|train/rand/'
train/loss/con 0.02 / train/loss/dyn 5.11 / train/loss/height 7.5e-4 / train/loss/orientations 0.05 / train/loss/policy -0.06 / train/loss/rep 5.11 / train/loss/repval 1.17 / train/loss/rew 0.58 / train/loss/value 1.17 / train/loss/velocity 0.62 / replay/replay_ratio 1040 / fps/policy 15.95 / fps/train 1.6e4

Writing metrics: /home/sk3686/logdir/dreamer/loginnode_walker_walk_stuplus_20260414_200239_della-yasaman/metrics.jsonl
Writing metrics: /home/sk3686/logdir/dreamer/loginnode_walker_walk_stuplus_20260414_200239_della-yasaman/scores.jsonl

--------------------[Agent Step 468_592]--------------------
Metrics filtered by: 'score|length|fps|ratio|train/loss/|train/rand/'
train/loss/con 0.02 / train/loss/dyn 5.1 / train/loss/height 7.6e-4 / train/loss/orientations 0.05 / train/loss/policy -0.06 / train/loss/rep 5.1 / train/loss/repval 1.17 / train/loss/rew 0.58 / train/loss/value 1.17 / train/loss/velocity 0.62 / replay/replay_ratio 1040 / fps/policy 15.96 / fps/train 1.6e4

Writing metrics: /home/sk3686/logdir/dreamer/loginnode_walker_walk_stuplus_20260414_200239_della-yasaman/scores.jsonl
Writing metrics: /home/sk3686/logdir/dreamer/loginnode_walker_walk_stuplus_20260414_200239_della-yasaman/metrics.jsonl

--------------------[Agent Step 470_512]--------------------
Metrics filtered by: 'score|length|fps|ratio|train/loss/|train/rand/'
train/loss/con 0.02 / train/loss/dyn 5.09 / train/loss/height 7.5e-4 / train/loss/orientations 0.05 / train/loss/policy -0.06 / train/loss/rep 5.09 / train/loss/repval 1.17 / train/loss/rew 0.58 / train/loss/value 1.16 / train/loss/velocity 0.62 / replay/replay_ratio 1040 / fps/policy 15.99 / fps/train 1.6e4

Writing metrics: /home/sk3686/logdir/dreamer/loginnode_walker_walk_stuplus_20260414_200239_della-yasaman/scores.jsonl
Writing metrics: /home/sk3686/logdir/dreamer/loginnode_walker_walk_stuplus_20260414_200239_della-yasaman/metrics.jsonl

--------------------[Agent Step 472_448]--------------------
Metrics filtered by: 'score|length|fps|ratio|train/loss/|train/rand/'
train/loss/con 0.02 / train/loss/dyn 5.08 / train/loss/height 7.5e-4 / train/loss/orientations 0.05 / train/loss/policy -0.06 / train/loss/rep 5.08 / train/loss/repval 1.17 / train/loss/rew 0.58 / train/loss/value 1.16 / train/loss/velocity 0.61 / replay/replay_ratio 1040 / fps/policy 16.01 / fps/train 1.6e4

Writing metrics: /home/sk3686/logdir/dreamer/loginnode_walker_walk_stuplus_20260414_200239_della-yasaman/metrics.jsonl
Writing metrics: /home/sk3686/logdir/dreamer/loginnode_walker_walk_stuplus_20260414_200239_della-yasaman/scores.jsonl

--------------------[Agent Step 474_384]--------------------
Metrics filtered by: 'score|length|fps|ratio|train/loss/|train/rand/'
train/loss/con 0.02 / train/loss/dyn 5.08 / train/loss/height 7.5e-4 / train/loss/orientations 0.05 / train/loss/policy -0.06 / train/loss/rep 5.08 / train/loss/repval 1.17 / train/loss/rew 0.58 / train/loss/value 1.15 / train/loss/velocity 0.61 / replay/replay_ratio 1040 / fps/policy 16 / fps/train 1.6e4

Writing metrics: /home/sk3686/logdir/dreamer/loginnode_walker_walk_stuplus_20260414_200239_della-yasaman/metrics.jsonl
Writing metrics: /home/sk3686/logdir/dreamer/loginnode_walker_walk_stuplus_20260414_200239_della-yasaman/scores.jsonl

--------------------[Agent Step 476_320]--------------------
Metrics filtered by: 'score|length|fps|ratio|train/loss/|train/rand/'
train/loss/con 0.02 / train/loss/dyn 5.06 / train/loss/height 7.4e-4 / train/loss/orientations 0.05 / train/loss/policy -0.05 / train/loss/rep 5.06 / train/loss/repval 1.17 / train/loss/rew 0.58 / train/loss/value 1.15 / train/loss/velocity 0.61 / replay/replay_ratio 1040 / fps/policy 16 / fps/train 1.6e4

Writing metrics: /home/sk3686/logdir/dreamer/loginnode_walker_walk_stuplus_20260414_200239_della-yasaman/metrics.jsonl
Writing metrics: /home/sk3686/logdir/dreamer/loginnode_walker_walk_stuplus_20260414_200239_della-yasaman/scores.jsonl

--------------------[Agent Step 478_240]--------------------
Metrics filtered by: 'score|length|fps|ratio|train/loss/|train/rand/'
train/loss/con 0.02 / train/loss/dyn 5.06 / train/loss/height 7.5e-4 / train/loss/orientations 0.05 / train/loss/policy -0.06 / train/loss/rep 5.06 / train/loss/repval 1.17 / train/loss/rew 0.58 / train/loss/value 1.15 / train/loss/velocity 0.61 / replay/replay_ratio 1040 / fps/policy 15.95 / fps/train 1.6e4

Writing metrics: /home/sk3686/logdir/dreamer/loginnode_walker_walk_stuplus_20260414_200239_della-yasaman/metrics.jsonl
Writing metrics: /home/sk3686/logdir/dreamer/loginnode_walker_walk_stuplus_20260414_200239_della-yasaman/scores.jsonl

--------------------[Agent Step 480_160]--------------------
Metrics filtered by: 'score|length|fps|ratio|train/loss/|train/rand/'
train/loss/con 0.02 / train/loss/dyn 5.06 / train/loss/height 7.4e-4 / train/loss/orientations 0.05 / train/loss/policy -0.06 / train/loss/rep 5.06 / train/loss/repval 1.17 / train/loss/rew 0.58 / train/loss/value 1.15 / train/loss/velocity 0.61 / replay/replay_ratio 1040 / fps/policy 15.99 / fps/train 1.6e4

Writing metrics: /home/sk3686/logdir/dreamer/loginnode_walker_walk_stuplus_20260414_200239_della-yasaman/scores.jsonl
Writing metrics: /home/sk3686/logdir/dreamer/loginnode_walker_walk_stuplus_20260414_200239_della-yasaman/metrics.jsonl
Saving checkpoint: /home/sk3686/logdir/dreamer/loginnode_walker_walk_stuplus_20260414_200239_della-yasaman/ckpt/20260415T043345F003075
Saved checkpoint.

--------------------[Agent Step 482_080]--------------------
Metrics filtered by: 'score|length|fps|ratio|train/loss/|train/rand/'
episode/score 965.44 / episode/length 1001 / train/loss/con 0.02 / train/loss/dyn 5.06 / train/loss/height 7.4e-4 / train/loss/orientations 0.05 / train/loss/policy -0.06 / train/loss/rep 5.06 / train/loss/repval 1.17 / train/loss/rew 0.58 / train/loss/value 1.15 / train/loss/velocity 0.61 / replay/replay_ratio 1040 / fps/policy 15.95 / fps/train 1.6e4

Writing metrics: /home/sk3686/logdir/dreamer/loginnode_walker_walk_stuplus_20260414_200239_della-yasaman/metrics.jsonl
Writing metrics: /home/sk3686/logdir/dreamer/loginnode_walker_walk_stuplus_20260414_200239_della-yasaman/scores.jsonl

--------------------[Agent Step 484_000]--------------------
Metrics filtered by: 'score|length|fps|ratio|train/loss/|train/rand/'
train/loss/con 0.02 / train/loss/dyn 5.05 / train/loss/height 7.4e-4 / train/loss/orientations 0.05 / train/loss/policy -0.05 / train/loss/rep 5.05 / train/loss/repval 1.17 / train/loss/rew 0.58 / train/loss/value 1.16 / train/loss/velocity 0.61 / replay/replay_ratio 1040 / fps/policy 15.93 / fps/train 1.6e4

Writing metrics: /home/sk3686/logdir/dreamer/loginnode_walker_walk_stuplus_20260414_200239_della-yasaman/metrics.jsonl
Writing metrics: /home/sk3686/logdir/dreamer/loginnode_walker_walk_stuplus_20260414_200239_della-yasaman/scores.jsonl

--------------------[Agent Step 485_920]--------------------
Metrics filtered by: 'score|length|fps|ratio|train/loss/|train/rand/'
train/loss/con 0.02 / train/loss/dyn 5.03 / train/loss/height 7.3e-4 / train/loss/orientations 0.05 / train/loss/policy -0.06 / train/loss/rep 5.03 / train/loss/repval 1.17 / train/loss/rew 0.58 / train/loss/value 1.15 / train/loss/velocity 0.6 / replay/replay_ratio 1040 / fps/policy 15.96 / fps/train 1.6e4

Writing metrics: /home/sk3686/logdir/dreamer/loginnode_walker_walk_stuplus_20260414_200239_della-yasaman/metrics.jsonl
Writing metrics: /home/sk3686/logdir/dreamer/loginnode_walker_walk_stuplus_20260414_200239_della-yasaman/scores.jsonl

--------------------[Agent Step 487_840]--------------------
Metrics filtered by: 'score|length|fps|ratio|train/loss/|train/rand/'
train/loss/con 0.02 / train/loss/dyn 5.04 / train/loss/height 7.4e-4 / train/loss/orientations 0.05 / train/loss/policy -0.05 / train/loss/rep 5.04 / train/loss/repval 1.17 / train/loss/rew 0.58 / train/loss/value 1.15 / train/loss/velocity 0.6 / replay/replay_ratio 1040 / fps/policy 15.97 / fps/train 1.6e4

Writing metrics: /home/sk3686/logdir/dreamer/loginnode_walker_walk_stuplus_20260414_200239_della-yasaman/metrics.jsonl
Writing metrics: /home/sk3686/logdir/dreamer/loginnode_walker_walk_stuplus_20260414_200239_della-yasaman/scores.jsonl

--------------------[Agent Step 489_760]--------------------
Metrics filtered by: 'score|length|fps|ratio|train/loss/|train/rand/'
train/loss/con 0.02 / train/loss/dyn 5.01 / train/loss/height 7.4e-4 / train/loss/orientations 0.05 / train/loss/policy -0.05 / train/loss/rep 5.01 / train/loss/repval 1.16 / train/loss/rew 0.58 / train/loss/value 1.15 / train/loss/velocity 0.6 / replay/replay_ratio 1040 / fps/policy 16 / fps/train 1.6e4

Writing metrics: /home/sk3686/logdir/dreamer/loginnode_walker_walk_stuplus_20260414_200239_della-yasaman/scores.jsonl
Writing metrics: /home/sk3686/logdir/dreamer/loginnode_walker_walk_stuplus_20260414_200239_della-yasaman/metrics.jsonl

--------------------[Agent Step 491_680]--------------------
Metrics filtered by: 'score|length|fps|ratio|train/loss/|train/rand/'
train/loss/con 0.02 / train/loss/dyn 5.03 / train/loss/height 7.4e-4 / train/loss/orientations 0.05 / train/loss/policy -0.05 / train/loss/rep 5.03 / train/loss/repval 1.16 / train/loss/rew 0.58 / train/loss/value 1.15 / train/loss/velocity 0.6 / replay/replay_ratio 1040 / fps/policy 15.94 / fps/train 1.6e4

Writing metrics: /home/sk3686/logdir/dreamer/loginnode_walker_walk_stuplus_20260414_200239_della-yasaman/metrics.jsonl
Writing metrics: /home/sk3686/logdir/dreamer/loginnode_walker_walk_stuplus_20260414_200239_della-yasaman/scores.jsonl

--------------------[Agent Step 493_600]--------------------
Metrics filtered by: 'score|length|fps|ratio|train/loss/|train/rand/'
train/loss/con 0.02 / train/loss/dyn 5.01 / train/loss/height 7.2e-4 / train/loss/orientations 0.05 / train/loss/policy -0.06 / train/loss/rep 5.01 / train/loss/repval 1.16 / train/loss/rew 0.58 / train/loss/value 1.15 / train/loss/velocity 0.6 / replay/replay_ratio 1040 / fps/policy 16 / fps/train 1.6e4

Writing metrics: /home/sk3686/logdir/dreamer/loginnode_walker_walk_stuplus_20260414_200239_della-yasaman/scores.jsonl
Writing metrics: /home/sk3686/logdir/dreamer/loginnode_walker_walk_stuplus_20260414_200239_della-yasaman/metrics.jsonl
Saving checkpoint: /home/sk3686/logdir/dreamer/loginnode_walker_walk_stuplus_20260414_200239_della-yasaman/ckpt/20260415T044845F779666
Saved checkpoint.

--------------------[Agent Step 495_520]--------------------
Metrics filtered by: 'score|length|fps|ratio|train/loss/|train/rand/'
train/loss/con 0.02 / train/loss/dyn 5 / train/loss/height 7.2e-4 / train/loss/orientations 0.05 / train/loss/policy -0.06 / train/loss/rep 5 / train/loss/repval 1.16 / train/loss/rew 0.58 / train/loss/value 1.15 / train/loss/velocity 0.59 / replay/replay_ratio 1040 / fps/policy 15.99 / fps/train 1.6e4

Writing metrics: /home/sk3686/logdir/dreamer/loginnode_walker_walk_stuplus_20260414_200239_della-yasaman/metrics.jsonl
Writing metrics: /home/sk3686/logdir/dreamer/loginnode_walker_walk_stuplus_20260414_200239_della-yasaman/scores.jsonl

--------------------[Agent Step 497_440]--------------------
Metrics filtered by: 'score|length|fps|ratio|train/loss/|train/rand/'
episode/score 928.34 / episode/length 1001 / train/loss/con 0.02 / train/loss/dyn 4.99 / train/loss/height 7.2e-4 / train/loss/orientations 0.05 / train/loss/policy -0.05 / train/loss/rep 4.99 / train/loss/repval 1.16 / train/loss/rew 0.58 / train/loss/value 1.14 / train/loss/velocity 0.59 / replay/replay_ratio 1040 / fps/policy 15.98 / fps/train 1.6e4

Writing metrics: /home/sk3686/logdir/dreamer/loginnode_walker_walk_stuplus_20260414_200239_della-yasaman/scores.jsonl
Writing metrics: /home/sk3686/logdir/dreamer/loginnode_walker_walk_stuplus_20260414_200239_della-yasaman/metrics.jsonl

--------------------[Agent Step 499_360]--------------------
Metrics filtered by: 'score|length|fps|ratio|train/loss/|train/rand/'
train/loss/con 0.02 / train/loss/dyn 5 / train/loss/height 7.2e-4 / train/loss/orientations 0.05 / train/loss/policy -0.05 / train/loss/rep 5 / train/loss/repval 1.16 / train/loss/rew 0.58 / train/loss/value 1.14 / train/loss/velocity 0.59 / replay/replay_ratio 1040 / fps/policy 15.95 / fps/train 1.6e4

Writing metrics: /home/sk3686/logdir/dreamer/loginnode_walker_walk_stuplus_20260414_200239_della-yasaman/scores.jsonl
Writing metrics: /home/sk3686/logdir/dreamer/loginnode_walker_walk_stuplus_20260414_200239_della-yasaman/metrics.jsonl
